Course,Respondents (%),Employed (%),Employed and Pursuing Further Studies (%),Pursuing Further Studies (Full time) (%),Resigned from Work (%),    Unemployed – Can’t Find Work (%),    Unemployed – By Choice/On Vacation (%),Voluntary Religious or Military Service (%),Total (%),,Employed (#),Employed and Pursuing Further Studies (#),Pursuing Further Studies (Full time) (#),Resigned from Work (#),    Unemployed – Can’t Find Work (#),    Unemployed – By Choice/On Vacation (#),Voluntary Religious or Military Service (#),,Respondents (%),0 (%),1 (%),2 (%),3 (%),4 (%),5 (%),6 (%),7 (%),8 (%),9 (%),10 (%),11 (%),12 (%),13 (%),14 (%),15 (%),16 (%),17 (%),18 (%),19 (%),20 (%),21 (%),22 (%),23 (%),24 (%),Total  (%),,0 (#),1 (#),2 (#),3 (#),4 (#),5 (#),6 (#),7 (#),8 (#),9 (#),10 (#),11 (#),12 (#),13 (#),14 (#),15 (#),16 (#),17 (#),18 (#),19 (#),20 (#),21 (#),22 (#),23 (#),24 (#),,Respondents (%),Academe/Universities (%),Accounting/ Auditing (%),Advertising and PR (%),"Agriculture and forestry, fishing (%)",Airlines (%),"Arts (Photography, Theater, etc) (%)",Automotives / Cars (%),Banking / Investment (%),BPO (%),Building and Construction Trade (%),Call Center (%),Church / Ministry (%),Computer and I.T. (%),Consultancy (except Marketing Consultancy) (%),Corporate Foundation (%),Development (%),E-commerce (%),Energy/ Oil / Petrochemicals (%),Events Management (%),Family Business (%),Fashion/Clothing/RTW (%),Finance (%),"Food, semi-luxury food, and beverage industry (%)",Gaming and Casino (%),Government/ Gen. Public Administration (%),Hotel/Restaurant (%),Housing (%),"HR (Executive Search, HR Consultancy) (%)",Insurance (%),International Organizations (%),Law/Legal (%),Mall Management (%),Manufacturing - Beauty and Cosmetics (%),Manufacturing - Consumer Goods (%),Manufacturing - Pharmaceuticals (%),Maritime (%),Marketing Consultancy (%),Media - Film/TV (%),Media - Online (%),Media - Print / Publishing (%),Media - Radio (%),Medicine/Health System (%),NGO (%),Own Business (Entrepreneurship) (%),Plastics/rubber/asbestos manufacturing (%),"Precision mechanics, optics, toy industry and jewellry (%)",Product Development (%),Professional - Entertainment/Music/Showbiz (%),Professional - Sports / Sports and Recreation (%),Real Estate (%),Research (%),Shipping / Logistics (%),Supply Chain (%),Telecommunications (%),Trade (wholesale trade and retail trade) (%),"Trade and commercial associations, parties (%)",Transport (%),Travel (%),Utilities (%),Others (%),Total (%),,Academe/Universities (#),Accounting/ Auditing (#),Advertising and PR (#),"Agriculture and forestry, fishing (#)",Airlines (#),"Arts (Photography, Theater, etc) (#)",Automotives / Cars (#),Banking / Investment (#),BPO (#),Building and Construction Trade (#),Call Center (#),Church / Ministry (#),Computer and I.T. (#),Consultancy (except Marketing Consultancy) (#),Corporate Foundation (#),Development (#),E-commerce (#),Energy/ Oil / Petrochemicals (#),Events Management (#),Family Business (#),Fashion/Clothing/RTW (#),Finance (#),"Food, semi-luxury food, and beverage industry (#)",Gaming and Casino (#),Government/ Gen. Public Administration (#),Hotel/Restaurant (#),Housing (#),"HR (Executive Search, HR Consultancy) (#)",Insurance (#),International Organizations (#),Law/Legal (#),Mall Management (#),Manufacturing - Beauty and Cosmetics (#),Manufacturing - Consumer Goods (#),Manufacturing - Pharmaceuticals (#),Maritime (#),Marketing Consultancy (#),Media - Film/TV (#),Media - Online (#),Media - Print / Publishing (#),Media - Radio (#),Medicine/Health System (#),NGO (#),Own Business (Entrepreneurship) (#),Plastics/rubber/asbestos manufacturing (#),"Precision mechanics, optics, toy industry and jewellry (#)",Product Development (#),Professional - Entertainment/Music/Showbiz (#),Professional - Sports / Sports and Recreation (#),Real Estate (#),Research (#),Shipping / Logistics (#),Supply Chain (#),Telecommunications (#),Trade (wholesale trade and retail trade) (#),"Trade and commercial associations, parties (#)",Transport (#),Travel (#),Utilities (#),Others (#),,Respondents (%),MNC (%),Big Local Corp. (%),Small/Medium Local Corp. (%),Total (%),,MNC (#),Big Local Corp. (#),Small/Medium Local Corp. (#),,Respondents (%),Academe: Non-Teaching (%),Academe: Teaching (%),Administrative (%),Advertising and/or Production (%),Analytics (%),"Creatives/ graphic design, communication and PR (%)",Corporate Development (%),Compliance (%),Engineering (%),Finance/Accounting (%),Gaming (%),General Management (%),Graphic Design and/or Creatives (%),Healthcare (%),HR (%),Internal Audit (%),"IT (including Project Management, Programming, etc.) (%)",Legal (%),Market Research (%),Marketing and sales/ accounts (%),Merchandising (%),Operations (%),Precision Agriculture (%),Professional Athelete (%),Purchasing / Merchandising / Buying / Procurement (%),Research and Development (%),Supply Chain/Operations (%),Other (%),Total (%),,Academe: Non-Teaching (#),Academe: Teaching (#),Administrative (#),Advertising and/or Production (#),Analytics (#),"Creatives/ graphic design, communication and PR (#)",Corporate Development (#),Compliance (#),Engineering (#),Finance/Accounting (#),Gaming (#),General Management (#),Graphic Design and/or Creatives (#),Healthcare (#),HR (#),Internal Audit (#),"IT (including Project Management, Programming, etc.) (#)",Legal (#),Market Research (#),Marketing and sales/ accounts (#),Merchandising (#),Operations (#),Precision Agriculture (#),Professional Athelete (#),Purchasing / Merchandising / Buying / Procurement (#),Research and Development (#),Supply Chain/Operations (#),Other (#),,Respondents (%),"P0-P5,000 (%)","P5,001-P10,000 (%)","P10,000-P20,000 (%)","P20,001-P30,000 (%)","P30,001-P50,000 (%)","P50,001-P100,000 (%)","Above P100,000 (%)",Total (%),,"P0-P5,000 (#)","P5,001-P10,000 (#)","P10,000-P20,000 (#)","P20,001-P30,000 (#)","P30,001-P50,000 (#)","P50,001-P100,000 (#)","Above P100,000 (#)",,Respondents (%),AB / BS / Associate Degree / Diploma / Bachelors (%),Aviation (%),CFA / Treasury Certificate (%),Dentistry (%),JD / LLB / JD - MBA (%),Language/Foreign Language Studies (%),MA / MFA / MS / M Applied Math (%),MBA (%),MD / MD-MBA / MD-MPH (%),Ph.D.  (%),Others (%),Total (%),,AB / BS / Associate Degree / Diploma / Bachelors (#),Aviation (#),CFA / Treasury Certificate (#),Dentistry (#),JD / LLB / JD - MBA (#),Language/Foreign Language Studies (#),MA / MFA / MS / M Applied Math (#),MBA (#),MD / MD-MBA / MD-MPH (#),Ph.D.  (#),Others (#)
AB Humanities,1,0.00,0.00,1.00,0.00,0.00,0.00,0.00,1.00,,0,0,1,0,0,0,0,,0.00,0.00,0.00,0.00,0.00,0.00,0.00,0.00,0.00,0.00,0.00,0.00,0.00,0.00,0.00,0.00,0.00,0.00,0.00,0.00,0.00,0.00,0.00,0.00,0.00,0.00,0.00,,0,0,0,0,0,0,0,0,0,0,0,0,0,0,0,0,0,0,0,0,0,0,0,0,0,,0,0.00,0.00,0.00,0.00,0.00,0.00,0.00,0.00,0.00,0.00,0.00,0.00,0.00,0.00,0.00,0.00,0.00,0.00,0.00,0.00,0.00,0.00,0.00,0.00,0.00,0.00,0.00,0.00,0.00,0.00,0.00,0.00,0.00,0.00,0.00,0.00,0.00,0.00,0.00,0.00,0.00,0.00,0.00,0.00,0.00,0.00,0.00,0.00,0.00,0.00,0.00,0.00,0.00,0.00,0.00,0.00,0.00,0.00,0.00,0.00,0.00,,0,0,0,0,0,0,0,0,0,0,0,0,0,0,0,0,0,0,0,0,0,0,0,0,0,0,0,0,0,0,0,0,0,0,0,0,0,0,0,0,0,0,0,0,0,0,0,0,0,0,0,0,0,0,0,0,0,0,0,0,,0,0.00,0.00,0.00,0.00,,0,0,0,,0,0.00,0.00,0.00,0.00,0.00,0.00,0.00,0.00,0.00,0.00,0.00,0.00,0.00,0.00,0.00,0.00,0.00,0.00,0.00,0.00,0.00,0.00,0.00,0.00,0.00,0.00,0.00,0.00,,,0,0,0,0,0,0,0,0,0,0,0,0,0,0,0,0,0,0,0,0,0,0,0,0,0,0,0,0,,0,0.00,0.00,0.00,0.00,0.00,0.00,0.00,0.00,,0,0,0,0,0,0,0,,1,1.00,0.00,0.00,0.00,0.00,0.00,0.00,0.00,0.00,0.00,0.00,1.00,,1,0,0,0,0,0,0,0,0,0,0
AB Interdisciplinary Studies,36,0.58,0.06,0.22,0.00,0.08,0.03,0.03,1.00,,21,2,8,0,3,1,1,,11.00,0.09,0.45,0.09,0.00,0.09,0.00,0.18,0.00,0.00,0.00,0.00,0.00,0.00,0.00,0.00,0.00,0.00,0.09,0.00,0.00,0.00,0.00,0.00,0.00,0.00,1.00,,3,16,3,0,3,0,7,0,0,0,0,0,0,0,0,0,0,3,0,0,0,0,0,0,0,,15,0.07,0.00,0.00,0.00,0.00,0.00,0.00,0.13,0.07,0.00,0.00,0.00,0.00,0.00,0.00,0.00,0.00,0.00,0.00,0.00,0.07,0.00,0.07,0.00,0.00,0.00,0.00,0.07,0.07,0.00,0.00,0.00,0.00,0.00,0.00,0.00,0.07,0.07,0.00,0.00,0.00,0.00,0.00,0.00,0.00,0.00,0.00,0.00,0.00,0.07,0.00,0.00,0.00,0.00,0.13,0.07,0.00,0.07,0.00,0.00,1.00,,2,0,0,0,0,0,0,5,2,0,0,0,0,0,0,0,0,0,0,0,2,0,2,0,0,0,0,2,2,0,0,0,0,0,0,0,2,2,0,0,0,0,0,0,0,0,0,0,0,2,0,0,0,0,5,2,0,2,0,0,,15,0.27,0.40,0.33,1.00,,10,14,12,,15,0.00,0.07,0.00,0.00,0.00,0.00,0.00,0.00,0.00,0.13,0.00,0.00,0.07,0.00,0.00,0.00,0.00,0.00,0.00,0.73,0.00,0.00,0.00,0.00,0.00,0.00,0.00,0.00,1.00,,0,2,0,0,0,0,0,0,0,5,0,0,2,0,0,0,0,0,0,26,0,0,0,0,0,0,0,0,,15,0.00,0.00,0.33,0.33,0.27,0.07,0.00,1.00,,0,0,12,12,10,2,0,,9,0.22,0.22,0.00,0.00,0.22,0.11,0.22,0.00,0.00,0.00,0.00,1.00,,8,8,0,0,8,4,8,0,0,0,0
AB Lit. (Eng.),7,0.43,0.14,0.43,0.00,0.00,0.00,0.00,1.00,,3,1,3,0,0,0,0,,3.00,0.00,0.00,0.00,0.33,0.00,0.00,0.00,0.00,0.00,0.00,0.00,0.33,0.33,0.00,0.00,0.00,0.00,0.00,0.00,0.00,0.00,0.00,0.00,0.00,0.00,1.00,,0,0,0,2,0,0,0,0,0,0,0,2,2,0,0,0,0,0,0,0,0,0,0,0,0,,0,0.00,0.00,0.00,0.00,0.00,0.00,0.00,0.00,0.00,0.00,0.00,0.00,0.00,0.00,0.00,0.00,0.00,0.00,0.00,0.00,0.00,0.00,0.00,0.00,0.00,0.00,0.00,0.00,0.00,0.00,0.00,0.00,0.00,0.00,0.00,0.00,0.00,0.00,0.00,0.00,0.00,0.00,0.00,0.00,0.00,0.00,0.00,0.00,0.00,0.00,0.00,0.00,0.00,0.00,0.00,0.00,0.00,0.00,0.00,0.00,0.00,,0,0,0,0,0,0,0,0,0,0,0,0,0,0,0,0,0,0,0,0,0,0,0,0,0,0,0,0,0,0,0,0,0,0,0,0,0,0,0,0,0,0,0,0,0,0,0,0,0,0,0,0,0,0,0,0,0,0,0,0,,1,0.00,0.00,1.00,1.00,,0,0,7,,0,0.00,0.00,0.00,0.00,0.00,0.00,0.00,0.00,0.00,0.00,0.00,0.00,0.00,0.00,0.00,0.00,0.00,0.00,0.00,0.00,0.00,0.00,0.00,0.00,0.00,0.00,0.00,0.00,0.00,,0,0,0,0,0,0,0,0,0,0,0,0,0,0,0,0,0,0,0,0,0,0,0,0,0,0,0,0,,0,0.00,0.00,0.00,0.00,0.00,0.00,0.00,0.00,,0,0,0,0,0,0,0,,0,0.00,0.00,0.00,0.00,0.00,0.00,0.00,0.00,0.00,0.00,0.00,0.00,,0,0,0,0,0,0,0,0,0,0,0
AB Philo.,8,0.63,0.25,0.13,0.00,0.00,0.00,0.00,1.00,,5,2,1,0,0,0,0,,7.00,0.57,0.00,0.14,0.29,0.00,0.00,0.00,0.00,0.00,0.00,0.00,0.00,0.00,0.00,0.00,0.00,0.00,0.00,0.00,0.00,0.00,0.00,0.00,0.00,0.00,1.00,,5,0,1,2,0,0,0,0,0,0,0,0,0,0,0,0,0,0,0,0,0,0,0,0,0,,7,0.43,0.00,0.00,0.00,0.00,0.00,0.00,0.00,0.00,0.00,0.00,0.14,0.00,0.00,0.00,0.00,0.00,0.00,0.00,0.00,0.00,0.00,0.14,0.00,0.00,0.00,0.00,0.00,0.00,0.00,0.00,0.00,0.00,0.00,0.00,0.00,0.00,0.29,0.00,0.00,0.00,0.00,0.00,0.00,0.00,0.00,0.00,0.00,0.00,0.00,0.00,0.00,0.00,0.00,0.00,0.00,0.00,0.00,0.00,0.00,1.00,,3,0,0,0,0,0,0,0,0,0,0,1,0,0,0,0,0,0,0,0,0,0,1,0,0,0,0,0,0,0,0,0,0,0,0,0,0,2,0,0,0,0,0,0,0,0,0,0,0,0,0,0,0,0,0,0,0,0,0,0,,7,0.14,0.43,0.43,1.00,,1,3,3,,7,0.00,0.43,0.14,0.00,0.00,0.29,0.00,0.00,0.00,0.00,0.00,0.00,0.00,0.00,0.00,0.00,0.00,0.00,0.00,0.14,0.00,0.00,0.00,0.00,0.00,0.00,0.00,0.00,1.00,,0,3,1,0,0,2,0,0,0,0,0,0,0,0,0,0,0,0,0,1,0,0,0,0,0,0,0,0,,7,0.00,0.00,0.43,0.43,0.00,0.14,0.00,1.00,,0,0,3,3,0,1,0,,1,0.00,0.00,0.00,0.00,0.00,0.00,1.00,0.00,0.00,0.00,0.00,1.00,,0,0,0,0,0,0,8,0,0,0,0
AB Philo (Pre-Divinity),1,0.00,0.00,1.00,0.00,0.00,0.00,0.00,1.00,,0,0,1,0,0,0,0,,0.00,0.00,0.00,0.00,0.00,0.00,0.00,0.00,0.00,0.00,0.00,0.00,0.00,0.00,0.00,0.00,0.00,0.00,0.00,0.00,0.00,0.00,0.00,0.00,0.00,0.00,0.00,,0,0,0,0,0,0,0,0,0,0,0,0,0,0,0,0,0,0,0,0,0,0,0,0,0,,0,0.00,0.00,0.00,0.00,0.00,0.00,0.00,0.00,0.00,0.00,0.00,0.00,0.00,0.00,0.00,0.00,0.00,0.00,0.00,0.00,0.00,0.00,0.00,0.00,0.00,0.00,0.00,0.00,0.00,0.00,0.00,0.00,0.00,0.00,0.00,0.00,0.00,0.00,0.00,0.00,0.00,0.00,0.00,0.00,0.00,0.00,0.00,0.00,0.00,0.00,0.00,0.00,0.00,0.00,0.00,0.00,0.00,0.00,0.00,0.00,0.00,,0,0,0,0,0,0,0,0,0,0,0,0,0,0,0,0,0,0,0,0,0,0,0,0,0,0,0,0,0,0,0,0,0,0,0,0,0,0,0,0,0,0,0,0,0,0,0,0,0,0,0,0,0,0,0,0,0,0,0,0,,0,0.00,0.00,0.00,0.00,,0,0,0,,0,0.00,0.00,0.00,0.00,0.00,0.00,0.00,0.00,0.00,0.00,0.00,0.00,0.00,0.00,0.00,0.00,0.00,0.00,0.00,0.00,0.00,0.00,0.00,0.00,0.00,0.00,0.00,0.00,0.00,,0,0,0,0,0,0,0,0,0,0,0,0,0,0,0,0,0,0,0,0,0,0,0,0,0,0,0,0,,0,0.00,0.00,0.00,0.00,0.00,0.00,0.00,0.00,,0,0,0,0,0,0,0,,1,0.00,0.00,0.00,0.00,1.00,0.00,0.00,0.00,0.00,0.00,0.00,1.00,,0,0,0,0,1,0,0,0,0,0,0
BFA Art Management,3,0.67,0.00,0.33,0.00,0.00,0.00,0.00,1.00,,2,0,1,0,0,0,0,,1.00,0.00,0.00,0.00,1.00,0.00,0.00,0.00,0.00,0.00,0.00,0.00,0.00,0.00,0.00,0.00,0.00,0.00,0.00,0.00,0.00,0.00,0.00,0.00,0.00,0.00,1.00,,0,0,0,3,0,0,0,0,0,0,0,0,0,0,0,0,0,0,0,0,0,0,0,0,0,,1,0.00,0.00,0.00,0.00,0.00,0.00,0.00,0.00,0.00,0.00,0.00,0.00,0.00,0.00,0.00,0.00,0.00,0.00,0.00,0.00,0.00,0.00,0.00,0.00,0.00,0.00,0.00,0.00,0.00,0.00,0.00,0.00,0.00,0.00,0.00,0.00,0.00,0.00,0.00,1.00,0.00,0.00,0.00,0.00,0.00,0.00,0.00,0.00,0.00,0.00,0.00,0.00,0.00,0.00,0.00,0.00,0.00,0.00,0.00,0.00,1.00,,0,0,0,0,0,0,0,0,0,0,0,0,0,0,0,0,0,0,0,0,0,0,0,0,0,0,0,0,0,0,0,0,0,0,0,0,0,0,0,3,0,0,0,0,0,0,0,0,0,0,0,0,0,0,0,0,0,0,0,0,,1,0.00,1.00,0.00,1.00,,0,3,0,,1,0.00,0.00,0.00,0.00,0.00,1.00,0.00,0.00,0.00,0.00,0.00,0.00,0.00,0.00,0.00,0.00,0.00,0.00,0.00,0.00,0.00,0.00,0.00,0.00,0.00,0.00,0.00,0.00,1.00,,0,0,0,0,0,3,0,0,0,0,0,0,0,0,0,0,0,0,0,0,0,0,0,0,0,0,0,0,,1,0.00,0.00,1.00,0.00,0.00,0.00,0.00,1.00,,0,0,3,0,0,0,0,,1,0.00,0.00,0.00,0.00,0.00,0.00,0.00,0.00,1.00,0.00,0.00,1.00,,0,0,0,0,0,0,0,0,3,0,0
BFA Creative Writing,7,0.86,0.00,0.00,0.00,0.14,0.00,0.00,1.00,,6,0,0,0,1,0,0,,4.00,0.25,0.00,0.25,0.25,0.00,0.25,0.00,0.00,0.00,0.00,0.00,0.00,0.00,0.00,0.00,0.00,0.00,0.00,0.00,0.00,0.00,0.00,0.00,0.00,0.00,1.00,,2,0,2,2,0,2,0,0,0,0,0,0,0,0,0,0,0,0,0,0,0,0,0,0,0,,6,0.17,0.00,0.17,0.00,0.00,0.00,0.00,0.00,0.00,0.00,0.00,0.00,0.00,0.00,0.00,0.00,0.00,0.00,0.00,0.00,0.17,0.00,0.00,0.00,0.00,0.00,0.00,0.00,0.00,0.00,0.00,0.00,0.00,0.17,0.00,0.00,0.00,0.17,0.00,0.17,0.00,0.00,0.00,0.00,0.00,0.00,0.00,0.00,0.00,0.00,0.00,0.00,0.00,0.00,0.00,0.00,0.00,0.00,0.00,0.00,1.00,,1,0,1,0,0,0,0,0,0,0,0,0,0,0,0,0,0,0,0,0,1,0,0,0,0,0,0,0,0,0,0,0,0,1,0,0,0,1,0,1,0,0,0,0,0,0,0,0,0,0,0,0,0,0,0,0,0,0,0,0,,6,0.33,0.33,0.33,1.00,,2,2,2,,6,0.00,0.00,0.00,0.00,0.00,0.67,0.00,0.00,0.00,0.00,0.00,0.00,0.00,0.00,0.00,0.00,0.00,0.00,0.00,0.33,0.00,0.00,0.00,0.00,0.00,0.00,0.00,0.00,1.00,,0,0,0,0,0,5,0,0,0,0,0,0,0,0,0,0,0,0,0,2,0,0,0,0,0,0,0,0,,6,0.00,0.00,1.00,0.00,0.00,0.00,0.00,1.00,,0,0,7,0,0,0,0,,0,0.00,0.00,0.00,0.00,0.00,0.00,0.00,0.00,0.00,0.00,0.00,0.00,,0,0,0,0,0,0,0,0,0,0,0
BFA Information Design,25,0.88,0.00,0.00,0.00,0.12,0.00,0.00,1.00,,22,0,0,0,3,0,0,,13.00,0.08,0.31,0.31,0.15,0.00,0.08,0.00,0.00,0.00,0.00,0.08,0.00,0.00,0.00,0.00,0.00,0.00,0.00,0.00,0.00,0.00,0.00,0.00,0.00,0.00,1.00,,2,8,8,4,0,2,0,0,0,0,2,0,0,0,0,0,0,0,0,0,0,0,0,0,0,,17,0.00,0.00,0.00,0.00,0.00,0.06,0.00,0.00,0.00,0.00,0.00,0.00,0.24,0.00,0.00,0.00,0.00,0.06,0.00,0.00,0.00,0.00,0.00,0.00,0.00,0.00,0.00,0.00,0.00,0.00,0.00,0.00,0.00,0.00,0.00,0.00,0.06,0.24,0.00,0.12,0.00,0.06,0.00,0.00,0.00,0.00,0.00,0.00,0.00,0.06,0.06,0.00,0.00,0.06,0.00,0.00,0.00,0.00,0.00,0.00,1.00,,0,0,0,0,0,1,0,0,0,0,0,0,6,0,0,0,0,1,0,0,0,0,0,0,0,0,0,0,0,0,0,0,0,0,0,0,1,6,0,3,0,1,0,0,0,0,0,0,0,1,1,0,0,1,0,0,0,0,0,0,,17,0.24,0.24,0.53,1.00,,6,6,13,,17,0.00,0.00,0.00,0.00,0.00,0.59,0.00,0.00,0.00,0.00,0.06,0.06,0.00,0.00,0.00,0.00,0.12,0.00,0.00,0.12,0.00,0.00,0.00,0.00,0.00,0.00,0.06,0.00,1.00,,0,0,0,0,0,15,0,0,0,0,1,1,0,0,0,0,3,0,0,3,0,0,0,0,0,0,1,0,,17,0.00,0.00,0.59,0.12,0.18,0.06,0.06,1.00,,0,0,15,3,4,1,1,,0,0.00,0.00,0.00,0.00,0.00,0.00,0.00,0.00,0.00,0.00,0.00,0.00,,0,0,0,0,0,0,0,0,0,0,0
BS Communications Technology Management,45,0.78,0.09,0.11,0.00,0.02,0.00,0.00,1.00,,35,4,5,0,1,0,0,,17.00,0.00,0.47,0.29,0.12,0.00,0.06,0.06,0.00,0.00,0.00,0.00,0.00,0.00,0.00,0.00,0.00,0.00,0.00,0.00,0.00,0.00,0.00,0.00,0.00,0.00,1.00,,0,21,13,5,0,3,3,0,0,0,0,0,0,0,0,0,0,0,0,0,0,0,0,0,0,,27,0.11,0.00,0.11,0.00,0.00,0.00,0.00,0.15,0.00,0.00,0.00,0.00,0.07,0.04,0.00,0.04,0.00,0.00,0.00,0.00,0.04,0.00,0.00,0.00,0.00,0.00,0.00,0.00,0.00,0.00,0.00,0.00,0.00,0.04,0.00,0.00,0.00,0.04,0.00,0.00,0.00,0.04,0.00,0.00,0.00,0.00,0.00,0.00,0.00,0.00,0.04,0.00,0.00,0.11,0.07,0.04,0.00,0.07,0.00,0.00,1.00,,5,0,5,0,0,0,0,7,0,0,0,0,3,2,0,2,0,0,0,0,2,0,0,0,0,0,0,0,0,0,0,0,0,2,0,0,0,2,0,0,0,2,0,0,0,0,0,0,0,0,2,0,0,5,3,2,0,3,0,0,,28,0.36,0.36,0.29,1.00,,16,16,13,,27,0.04,0.04,0.04,0.00,0.00,0.04,0.00,0.00,0.00,0.11,0.00,0.00,0.00,0.00,0.04,0.00,0.04,0.00,0.00,0.56,0.00,0.00,0.00,0.00,0.00,0.04,0.07,0.00,1.00,,2,2,2,0,0,2,0,0,0,5,0,0,0,0,2,0,2,0,0,25,0,0,0,0,0,2,3,0,,27,0.00,0.00,0.26,0.44,0.19,0.07,0.04,1.00,,0,0,12,20,8,3,2,,4,0.25,0.00,0.00,0.00,0.25,0.00,0.50,0.00,0.00,0.00,0.00,1.00,,11,0,0,0,11,0,23,0,0,0,0
BS Information Technology Entrepreneurship,1,1.00,0.00,0.00,0.00,0.00,0.00,0.00,1.00,,1,0,0,0,0,0,0,,1.00,0.00,0.00,1.00,0.00,0.00,0.00,0.00,0.00,0.00,0.00,0.00,0.00,0.00,0.00,0.00,0.00,0.00,0.00,0.00,0.00,0.00,0.00,0.00,0.00,0.00,1.00,,0,0,1,0,0,0,0,0,0,0,0,0,0,0,0,0,0,0,0,0,0,0,0,0,0,,1,0.00,0.00,0.00,0.00,0.00,0.00,0.00,0.00,0.00,0.00,0.00,0.00,1.00,0.00,0.00,0.00,0.00,0.00,0.00,0.00,0.00,0.00,0.00,0.00,0.00,0.00,0.00,0.00,0.00,0.00,0.00,0.00,0.00,0.00,0.00,0.00,0.00,0.00,0.00,0.00,0.00,0.00,0.00,0.00,0.00,0.00,0.00,0.00,0.00,0.00,0.00,0.00,0.00,0.00,0.00,0.00,0.00,0.00,0.00,0.00,1.00,,0,0,0,0,0,0,0,0,0,0,0,0,1,0,0,0,0,0,0,0,0,0,0,0,0,0,0,0,0,0,0,0,0,0,0,0,0,0,0,0,0,0,0,0,0,0,0,0,0,0,0,0,0,0,0,0,0,0,0,0,,1,0.00,1.00,0.00,1.00,,0,1,0,,1,0.00,0.00,0.00,0.00,0.00,0.00,0.00,0.00,0.00,0.00,0.00,0.00,0.00,0.00,0.00,0.00,1.00,0.00,0.00,0.00,0.00,0.00,0.00,0.00,0.00,0.00,0.00,0.00,1.00,,0,0,0,0,0,0,0,0,0,0,0,0,0,0,0,0,1,0,0,0,0,0,0,0,0,0,0,0,,1,0.00,0.00,1.00,0.00,0.00,0.00,0.00,1.00,,0,0,1,0,0,0,0,,0,0.00,0.00,0.00,0.00,0.00,0.00,0.00,0.00,0.00,0.00,0.00,0.00,,0,0,0,0,0,0,0,0,0,0,0
BS Legal Management,14,0.42,0.12,0.42,0.00,0.04,0.00,0.00,1.00,,6,2,6,0,1,0,0,,7.00,0.00,0.29,0.57,0.00,0.00,0.00,0.00,0.00,0.00,0.00,0.14,0.00,0.00,0.00,0.00,0.00,0.00,0.00,0.00,0.00,0.00,0.00,0.00,0.00,0.00,1.00,,0,4,8,0,0,0,0,0,0,0,2,0,0,0,0,0,0,0,0,0,0,0,0,0,0,,10,0.00,0.00,0.00,0.00,0.00,0.00,0.00,0.00,0.00,0.00,0.00,0.00,0.10,0.00,0.00,0.00,0.10,0.00,0.00,0.00,0.00,0.00,0.10,0.00,0.30,0.00,0.00,0.00,0.10,0.00,0.00,0.00,0.00,0.00,0.00,0.00,0.00,0.00,0.00,0.00,0.00,0.00,0.00,0.00,0.00,0.10,0.00,0.00,0.00,0.10,0.00,0.00,0.00,0.00,0.10,0.00,0.00,0.00,0.00,0.00,1.00,,0,0,0,0,0,0,0,0,0,0,0,0,1,0,0,0,1,0,0,0,0,0,1,0,4,0,0,0,1,0,0,0,0,0,0,0,0,0,0,0,0,0,0,0,0,1,0,0,0,1,0,0,0,0,1,0,0,0,0,0,,10,0.30,0.60,0.10,1.00,,4,8,1,,9,0.00,0.00,0.11,0.00,0.00,0.00,0.00,0.00,0.00,0.00,0.00,0.11,0.00,0.00,0.11,0.00,0.00,0.00,0.00,0.33,0.00,0.00,0.00,0.00,0.00,0.11,0.22,0.00,1.00,,0,0,2,0,0,0,0,0,0,0,0,2,0,0,2,0,0,0,0,5,0,0,0,0,0,2,3,0,,10,0.00,0.00,0.00,0.90,0.10,0.00,0.00,1.00,,0,0,0,13,1,0,0,,10,0.10,0.00,0.00,0.00,0.90,0.00,0.00,0.00,0.00,0.00,0.00,1.00,,1,0,0,0,13,0,0,0,0,0,0
BS Managemet (Standard Program),89,0.76,0.04,0.13,0.00,0.06,0.00,0.00,1.00,,68,4,12,0,5,0,0,,49.00,0.12,0.24,0.20,0.16,0.10,0.04,0.08,0.02,0.00,0.02,0.00,0.00,0.00,0.00,0.00,0.00,0.00,0.00,0.00,0.00,0.00,0.00,0.00,0.00,0.00,1.00,,11,22,18,15,9,4,7,2,0,2,0,0,0,0,0,0,0,0,0,0,0,0,0,0,0,,53,0.02,0.00,0.00,0.02,0.00,0.00,0.02,0.21,0.04,0.00,0.00,0.00,0.02,0.02,0.00,0.00,0.00,0.09,0.00,0.00,0.02,0.00,0.11,0.02,0.00,0.00,0.00,0.00,0.02,0.02,0.00,0.00,0.00,0.02,0.00,0.00,0.06,0.08,0.00,0.02,0.00,0.00,0.00,0.00,0.00,0.00,0.00,0.00,0.02,0.09,0.00,0.00,0.00,0.02,0.04,0.00,0.00,0.04,0.00,0.00,1.00,,2,0,0,2,0,0,2,18,3,0,0,0,2,2,0,0,0,8,0,0,2,0,10,2,0,0,0,0,2,2,0,0,0,2,0,0,5,7,0,2,0,0,0,0,0,0,0,0,2,8,0,0,0,2,3,0,0,3,0,0,,55,0.25,0.33,0.42,1.00,,23,29,37,,54,0.02,0.02,0.00,0.00,0.02,0.04,0.00,0.00,0.00,0.22,0.00,0.04,0.00,0.00,0.06,0.00,0.00,0.00,0.00,0.41,0.02,0.00,0.02,0.00,0.00,0.06,0.09,0.00,1.00,,2,2,0,0,2,3,0,0,0,20,0,3,0,0,5,0,0,0,0,36,2,0,2,0,0,5,8,0,,54,0.00,0.00,0.19,0.48,0.17,0.11,0.06,1.00,,0,0,16,43,15,10,5,,10,0.30,0.00,0.00,0.00,0.10,0.20,0.40,0.00,0.00,0.00,0.00,1.00,,27,0,0,0,9,18,36,0,0,0,0
BS Management (Honors),2,1.00,0.00,0.00,0.00,0.00,0.00,0.00,1.00,,2,0,0,0,0,0,0,,2.00,0.00,0.00,1.00,0.00,0.00,0.00,0.00,0.00,0.00,0.00,0.00,0.00,0.00,0.00,0.00,0.00,0.00,0.00,0.00,0.00,0.00,0.00,0.00,0.00,0.00,1.00,,0,0,2,0,0,0,0,0,0,0,0,0,0,0,0,0,0,0,0,0,0,0,0,0,0,,2,0.00,0.00,0.00,0.00,0.00,0.00,0.00,0.50,0.00,0.00,0.00,0.00,0.50,0.00,0.00,0.00,0.00,0.00,0.00,0.00,0.00,0.00,0.00,0.00,0.00,0.00,0.00,0.00,0.00,0.00,0.00,0.00,0.00,0.00,0.00,0.00,0.00,0.00,0.00,0.00,0.00,0.00,0.00,0.00,0.00,0.00,0.00,0.00,0.00,0.00,0.00,0.00,0.00,0.00,0.00,0.00,0.00,0.00,0.00,0.00,1.00,,0,0,0,0,0,0,0,1,0,0,0,0,1,0,0,0,0,0,0,0,0,0,0,0,0,0,0,0,0,0,0,0,0,0,0,0,0,0,0,0,0,0,0,0,0,0,0,0,0,0,0,0,0,0,0,0,0,0,0,0,,2,1.00,0.00,0.00,1.00,,2,0,0,,2,0.00,0.00,0.00,0.00,0.00,0.00,0.00,0.00,0.00,0.00,0.00,0.00,0.00,0.00,0.00,0.00,0.50,0.00,0.00,0.50,0.00,0.00,0.00,0.00,0.00,0.00,0.00,0.00,1.00,,0,0,0,0,0,0,0,0,0,0,0,0,0,0,0,0,1,0,0,1,0,0,0,0,0,0,0,0,,2,0.00,0.00,0.00,0.00,0.50,0.50,0.00,1.00,,0,0,0,0,1,1,0,,0,0.00,0.00,0.00,0.00,0.00,0.00,0.00,0.00,0.00,0.00,0.00,0.00,,0,0,0,0,0,0,0,0,0,0,0
BS Management of Applied Chemistry,14,0.79,0.00,0.14,0.00,0.07,0.00,0.00,1.00,,11,0,2,0,1,0,0,,8.00,0.00,0.13,0.38,0.13,0.13,0.00,0.00,0.00,0.13,0.00,0.00,0.00,0.13,0.00,0.00,0.00,0.00,0.00,0.00,0.00,0.00,0.00,0.00,0.00,0.00,1.00,,0,2,5,2,2,0,0,0,2,0,0,0,2,0,0,0,0,0,0,0,0,0,0,0,0,,7,0.00,0.00,0.00,0.00,0.00,0.00,0.00,0.29,0.00,0.00,0.00,0.00,0.00,0.00,0.00,0.00,0.00,0.00,0.00,0.00,0.00,0.00,0.00,0.00,0.00,0.00,0.00,0.00,0.00,0.00,0.00,0.00,0.00,0.00,0.29,0.00,0.00,0.14,0.00,0.00,0.00,0.00,0.00,0.00,0.00,0.00,0.00,0.00,0.00,0.00,0.14,0.00,0.00,0.00,0.14,0.00,0.00,0.00,0.00,0.00,1.00,,0,0,0,0,0,0,0,4,0,0,0,0,0,0,0,0,0,0,0,0,0,0,0,0,0,0,0,0,0,0,0,0,0,0,4,0,0,2,0,0,0,0,0,0,0,0,0,0,0,0,2,0,0,0,2,0,0,0,0,0,,7,0.71,0.29,0.00,1.00,,10,4,0,,7,0.00,0.00,0.00,0.00,0.00,0.00,0.00,0.00,0.00,0.29,0.00,0.00,0.00,0.00,0.00,0.00,0.00,0.00,0.00,0.43,0.00,0.00,0.00,0.00,0.00,0.29,0.00,0.00,1.00,,0,0,0,0,0,0,0,0,0,4,0,0,0,0,0,0,0,0,0,6,0,0,0,0,0,4,0,0,,7,0.00,0.00,0.29,0.29,0.43,0.00,0.00,1.00,,0,0,4,4,6,0,0,,2,0.00,0.00,0.00,0.00,0.00,0.00,0.50,0.00,0.50,0.00,0.00,1.00,,0,0,0,0,0,0,7,0,7,0,0
BS Management Engineering,52,0.88,0.00,0.06,0.00,0.06,0.00,0.00,1.00,,46,0,3,0,3,0,0,,33.00,0.06,0.33,0.18,0.09,0.18,0.03,0.03,0.03,0.06,0.00,0.00,0.00,0.00,0.00,0.00,0.00,0.00,0.00,0.00,0.00,0.00,0.00,0.00,0.00,0.00,1.00,,3,17,9,5,9,2,2,2,3,0,0,0,0,0,0,0,0,0,0,0,0,0,0,0,0,,35,0.00,0.00,0.00,0.00,0.00,0.00,0.00,0.37,0.00,0.03,0.00,0.00,0.09,0.09,0.00,0.00,0.00,0.09,0.00,0.00,0.00,0.00,0.11,0.00,0.03,0.00,0.00,0.00,0.03,0.00,0.00,0.00,0.00,0.09,0.03,0.00,0.00,0.00,0.00,0.00,0.00,0.03,0.00,0.00,0.00,0.00,0.00,0.00,0.00,0.00,0.00,0.00,0.00,0.00,0.03,0.00,0.00,0.00,0.00,0.00,1.00,,0,0,0,0,0,0,0,19,0,1,0,0,4,4,0,0,0,4,0,0,0,0,6,0,1,0,0,0,1,0,0,0,0,4,1,0,0,0,0,0,0,1,0,0,0,0,0,0,0,0,0,0,0,0,1,0,0,0,0,0,,39,0.49,0.21,0.31,1.00,,25,11,16,,35,0.03,0.00,0.00,0.00,0.00,0.00,0.00,0.00,0.00,0.46,0.00,0.06,0.00,0.00,0.00,0.00,0.11,0.00,0.00,0.20,0.00,0.00,0.00,0.00,0.00,0.03,0.11,0.00,1.00,,1,0,0,0,0,0,0,0,0,24,0,3,0,0,0,0,6,0,0,10,0,0,0,0,0,1,6,0,,35,0.00,0.00,0.14,0.51,0.23,0.09,0.03,1.00,,0,0,7,27,12,4,1,,3,0.00,0.00,0.00,0.00,0.67,0.00,0.33,0.00,0.00,0.00,0.00,1.00,,0,0,0,0,35,0,17,0,0,0,0
BS Applied Physics with Applied Computer Systems,3,1.00,0.00,0.00,0.00,0.00,0.00,0.00,1.00,,3,0,0,0,0,0,0,,2.00,0.00,1.00,0.00,0.00,0.00,0.00,0.00,0.00,0.00,0.00,0.00,0.00,0.00,0.00,0.00,0.00,0.00,0.00,0.00,0.00,0.00,0.00,0.00,0.00,0.00,1.00,,0,3,0,0,0,0,0,0,0,0,0,0,0,0,0,0,0,0,0,0,0,0,0,0,0,,2,0.00,0.00,0.00,0.00,0.00,0.00,0.00,0.00,0.00,0.00,0.00,0.00,1.00,0.00,0.00,0.00,0.00,0.00,0.00,0.00,0.00,0.00,0.00,0.00,0.00,0.00,0.00,0.00,0.00,0.00,0.00,0.00,0.00,0.00,0.00,0.00,0.00,0.00,0.00,0.00,0.00,0.00,0.00,0.00,0.00,0.00,0.00,0.00,0.00,0.00,0.00,0.00,0.00,0.00,0.00,0.00,0.00,0.00,0.00,0.00,1.00,,0,0,0,0,0,0,0,0,0,0,0,0,3,0,0,0,0,0,0,0,0,0,0,0,0,0,0,0,0,0,0,0,0,0,0,0,0,0,0,0,0,0,0,0,0,0,0,0,0,0,0,0,0,0,0,0,0,0,0,0,,2,1.00,0.00,0.00,1.00,,3,0,0,,2,0.00,0.00,0.00,0.00,0.00,0.00,0.00,0.00,0.00,0.00,0.00,0.00,0.00,0.00,0.00,0.00,1.00,0.00,0.00,0.00,0.00,0.00,0.00,0.00,0.00,0.00,0.00,0.00,1.00,,0,0,0,0,0,0,0,0,0,0,0,0,0,0,0,0,3,0,0,0,0,0,0,0,0,0,0,0,,2,0.00,0.00,0.00,0.00,1.00,0.00,0.00,1.00,,0,0,0,0,3,0,0,,0,0.00,0.00,0.00,0.00,0.00,0.00,0.00,0.00,0.00,0.00,0.00,0.00,,0,0,0,0,0,0,0,0,0,0,0
BS Biology,8,0.13,0.25,0.50,0.00,0.13,0.00,0.00,1.00,,1,2,4,0,1,0,0,,2.00,0.00,0.50,0.00,0.00,0.00,0.00,0.00,0.00,0.00,0.00,0.00,0.00,0.00,0.50,0.00,0.00,0.00,0.00,0.00,0.00,0.00,0.00,0.00,0.00,0.00,1.00,,0,4,0,0,0,0,0,0,0,0,0,0,0,4,0,0,0,0,0,0,0,0,0,0,0,,2,0.50,0.00,0.00,0.00,0.00,0.00,0.00,0.00,0.00,0.00,0.00,0.00,0.00,0.00,0.00,0.00,0.00,0.00,0.00,0.00,0.00,0.00,0.00,0.00,0.00,0.00,0.00,0.00,0.00,0.50,0.00,0.00,0.00,0.00,0.00,0.00,0.00,0.00,0.00,0.00,0.00,0.00,0.00,0.00,0.00,0.00,0.00,0.00,0.00,0.00,0.00,0.00,0.00,0.00,0.00,0.00,0.00,0.00,0.00,0.00,1.00,,4,0,0,0,0,0,0,0,0,0,0,0,0,0,0,0,0,0,0,0,0,0,0,0,0,0,0,0,0,4,0,0,0,0,0,0,0,0,0,0,0,0,0,0,0,0,0,0,0,0,0,0,0,0,0,0,0,0,0,0,,2,0.50,0.50,0.00,1.00,,4,4,0,,2,0.50,0.00,0.50,0.00,0.00,0.00,0.00,0.00,0.00,0.00,0.00,0.00,0.00,0.00,0.00,0.00,0.00,0.00,0.00,0.00,0.00,0.00,0.00,0.00,0.00,0.00,0.00,0.00,1.00,,4,0,4,0,0,0,0,0,0,0,0,0,0,0,0,0,0,0,0,0,0,0,0,0,0,0,0,0,,2,0.00,0.00,0.00,1.00,0.00,0.00,0.00,1.00,,0,0,0,8,0,0,0,,4,0.00,0.00,0.00,0.00,0.00,0.00,0.00,0.00,1.00,0.00,0.00,1.00,,0,0,0,0,0,0,0,0,8,0,0
BS Chemistry with Materials Science Engineering,6,0.83,0.00,0.17,0.00,0.00,0.00,0.00,1.00,,5,0,1,0,0,0,0,,4.00,0.25,0.25,0.00,0.25,0.00,0.00,0.00,0.25,0.00,0.00,0.00,0.00,0.00,0.00,0.00,0.00,0.00,0.00,0.00,0.00,0.00,0.00,0.00,0.00,0.00,1.00,,2,2,0,2,0,0,0,2,0,0,0,0,0,0,0,0,0,0,0,0,0,0,0,0,0,,4,0.25,0.00,0.00,0.00,0.00,0.00,0.00,0.00,0.00,0.00,0.00,0.00,0.00,0.00,0.00,0.00,0.00,0.25,0.00,0.00,0.00,0.00,0.00,0.00,0.25,0.00,0.00,0.00,0.00,0.00,0.00,0.00,0.00,0.00,0.00,0.00,0.00,0.00,0.00,0.00,0.00,0.00,0.00,0.00,0.00,0.00,0.00,0.00,0.00,0.00,0.25,0.00,0.00,0.00,0.00,0.00,0.00,0.00,0.00,0.00,1.00,,2,0,0,0,0,0,0,0,0,0,0,0,0,0,0,0,0,2,0,0,0,0,0,0,2,0,0,0,0,0,0,0,0,0,0,0,0,0,0,0,0,0,0,0,0,0,0,0,0,0,2,0,0,0,0,0,0,0,0,0,,4,0.50,0.50,0.00,1.00,,3,3,0,,4,0.00,0.25,0.00,0.00,0.00,0.00,0.00,0.00,0.50,0.00,0.00,0.00,0.00,0.00,0.00,0.00,0.00,0.00,0.00,0.00,0.00,0.00,0.00,0.00,0.00,0.25,0.00,0.00,1.00,,0,2,0,0,0,0,0,0,3,0,0,0,0,0,0,0,0,0,0,0,0,0,0,0,0,2,0,0,,4,0.00,0.00,0.75,0.25,0.00,0.00,0.00,1.00,,0,0,5,2,0,0,0,,1,0.00,0.00,0.00,0.00,0.00,0.00,1.00,0.00,0.00,0.00,0.00,1.00,,0,0,0,0,0,0,6,0,0,0,0
BS Computer Engineering,10,1.00,0.00,0.00,0.00,0.00,0.00,0.00,1.00,,10,0,0,0,0,0,0,,7.00,0.00,0.29,0.57,0.00,0.14,0.00,0.00,0.00,0.00,0.00,0.00,0.00,0.00,0.00,0.00,0.00,0.00,0.00,0.00,0.00,0.00,0.00,0.00,0.00,0.00,1.00,,0,3,6,0,1,0,0,0,0,0,0,0,0,0,0,0,0,0,0,0,0,0,0,0,0,,7,0.00,0.00,0.00,0.00,0.00,0.00,0.00,0.00,0.00,0.00,0.00,0.00,0.71,0.00,0.00,0.00,0.00,0.00,0.00,0.00,0.00,0.00,0.00,0.00,0.00,0.00,0.00,0.00,0.00,0.00,0.00,0.00,0.00,0.00,0.00,0.00,0.00,0.00,0.00,0.00,0.00,0.00,0.00,0.00,0.00,0.00,0.14,0.00,0.00,0.00,0.00,0.00,0.00,0.00,0.00,0.00,0.14,0.00,0.00,0.00,1.00,,0,0,0,0,0,0,0,0,0,0,0,0,7,0,0,0,0,0,0,0,0,0,0,0,0,0,0,0,0,0,0,0,0,0,0,0,0,0,0,0,0,0,0,0,0,0,1,0,0,0,0,0,0,0,0,0,1,0,0,0,,8,0.63,0.00,0.38,1.00,,6,0,4,,7,0.00,0.00,0.00,0.00,0.00,0.00,0.00,0.00,0.14,0.00,0.00,0.00,0.00,0.00,0.00,0.00,0.57,0.00,0.00,0.00,0.00,0.00,0.00,0.00,0.00,0.14,0.14,0.00,1.00,,0,0,0,0,0,0,0,0,1,0,0,0,0,0,0,0,6,0,0,0,0,0,0,0,0,1,1,0,,7,0.00,0.00,0.00,0.71,0.14,0.00,0.14,1.00,,0,0,0,7,1,0,1,,0,0.00,0.00,0.00,0.00,0.00,0.00,0.00,0.00,0.00,0.00,0.00,0.00,,0,0,0,0,0,0,0,0,0,0,0
BS Computer Science,20,0.90,0.00,0.10,0.00,0.00,0.00,0.00,1.00,,18,0,2,0,0,0,0,,11.00,0.00,0.27,0.18,0.36,0.00,0.00,0.09,0.00,0.00,0.09,0.00,0.00,0.00,0.00,0.00,0.00,0.00,0.00,0.00,0.00,0.00,0.00,0.00,0.00,0.00,1.00,,0,5,4,7,0,0,2,0,0,2,0,0,0,0,0,0,0,0,0,0,0,0,0,0,0,,12,0.00,0.00,0.00,0.00,0.00,0.00,0.00,0.00,0.00,0.00,0.00,0.00,1.00,0.00,0.00,0.00,0.00,0.00,0.00,0.00,0.00,0.00,0.00,0.00,0.00,0.00,0.00,0.00,0.00,0.00,0.00,0.00,0.00,0.00,0.00,0.00,0.00,0.00,0.00,0.00,0.00,0.00,0.00,0.00,0.00,0.00,0.00,0.00,0.00,0.00,0.00,0.00,0.00,0.00,0.00,0.00,0.00,0.00,0.00,0.00,1.00,,0,0,0,0,0,0,0,0,0,0,0,0,20,0,0,0,0,0,0,0,0,0,0,0,0,0,0,0,0,0,0,0,0,0,0,0,0,0,0,0,0,0,0,0,0,0,0,0,0,0,0,0,0,0,0,0,0,0,0,0,,13,0.62,0.00,0.38,1.00,,12,0,8,,12,0.00,0.00,0.00,0.00,0.00,0.00,0.00,0.00,0.00,0.00,0.00,0.00,0.00,0.00,0.00,0.00,1.00,0.00,0.00,0.00,0.00,0.00,0.00,0.00,0.00,0.00,0.00,0.00,1.00,,0,0,0,0,0,0,0,0,0,0,0,0,0,0,0,0,20,0,0,0,0,0,0,0,0,0,0,0,,12,0.00,0.00,0.08,0.83,0.08,0.00,0.00,1.00,,0,0,2,17,2,0,0,,2,0.00,0.00,0.00,0.00,0.50,0.00,0.50,0.00,0.00,0.00,0.00,1.00,,0,0,0,0,10,0,10,0,0,0,0
BS Electronics Engineering,8,0.88,0.13,0.00,0.00,0.00,0.00,0.00,1.00,,7,1,0,0,0,0,0,,1.00,0.00,1.00,0.00,0.00,0.00,0.00,0.00,0.00,0.00,0.00,0.00,0.00,0.00,0.00,0.00,0.00,0.00,0.00,0.00,0.00,0.00,0.00,0.00,0.00,0.00,1.00,,0,8,0,0,0,0,0,0,0,0,0,0,0,0,0,0,0,0,0,0,0,0,0,0,0,,5,0.00,0.00,0.00,0.00,0.00,0.00,0.00,0.00,0.00,0.00,0.00,0.00,0.60,0.00,0.00,0.00,0.00,0.00,0.00,0.00,0.00,0.00,0.00,0.00,0.00,0.00,0.00,0.00,0.00,0.00,0.00,0.00,0.00,0.00,0.00,0.00,0.00,0.00,0.00,0.00,0.00,0.00,0.00,0.00,0.00,0.00,0.00,0.00,0.00,0.00,0.00,0.00,0.00,0.40,0.00,0.00,0.00,0.00,0.00,0.00,1.00,,0,0,0,0,0,0,0,0,0,0,0,0,5,0,0,0,0,0,0,0,0,0,0,0,0,0,0,0,0,0,0,0,0,0,0,0,0,0,0,0,0,0,0,0,0,0,0,0,0,0,0,0,0,3,0,0,0,0,0,0,,5,0.40,0.60,0.00,1.00,,3,5,0,,5,0.00,0.00,0.00,0.00,0.00,0.00,0.00,0.00,0.60,0.00,0.00,0.00,0.00,0.00,0.00,0.00,0.20,0.00,0.00,0.00,0.00,0.00,0.00,0.00,0.00,0.20,0.00,0.00,1.00,,0,0,0,0,0,0,0,0,5,0,0,0,0,0,0,0,2,0,0,0,0,0,0,0,0,2,0,0,,5,0.00,0.00,0.20,0.40,0.20,0.00,0.20,1.00,,0,0,2,3,2,0,2,,0,0.00,0.00,0.00,0.00,0.00,0.00,0.00,0.00,0.00,0.00,0.00,0.00,,0,0,0,0,0,0,0,0,0,0,0
BS Environmental Science,7,0.71,0.00,0.29,0.00,0.00,0.00,0.00,1.00,,5,0,2,0,0,0,0,,6.00,0.17,0.50,0.00,0.17,0.00,0.17,0.00,0.00,0.00,0.00,0.00,0.00,0.00,0.00,0.00,0.00,0.00,0.00,0.00,0.00,0.00,0.00,0.00,0.00,0.00,1.00,,1,4,0,1,0,1,0,0,0,0,0,0,0,0,0,0,0,0,0,0,0,0,0,0,0,,5,0.00,0.00,0.00,0.00,0.00,0.00,0.00,0.00,0.00,0.00,0.00,0.00,0.00,0.00,0.00,0.00,0.00,0.00,0.00,0.00,0.00,0.00,0.00,0.00,0.60,0.00,0.00,0.00,0.00,0.00,0.00,0.00,0.00,0.00,0.00,0.00,0.00,0.00,0.00,0.00,0.00,0.00,0.00,0.00,0.00,0.00,0.00,0.00,0.00,0.00,0.20,0.00,0.00,0.20,0.00,0.00,0.00,0.00,0.00,0.00,1.00,,0,0,0,0,0,0,0,0,0,0,0,0,0,0,0,0,0,0,0,0,0,0,0,0,4,0,0,0,0,0,0,0,0,0,0,0,0,0,0,0,0,0,0,0,0,0,0,0,0,0,1,0,0,1,0,0,0,0,0,0,,5,0.00,0.40,0.60,1.00,,0,3,4,,5,0.00,0.00,0.00,0.00,0.00,0.00,0.00,0.00,0.20,0.00,0.00,0.00,0.00,0.00,0.00,0.00,0.00,0.00,0.00,0.20,0.00,0.00,0.00,0.00,0.00,0.40,0.20,0.00,1.00,,0,0,0,0,0,0,0,0,1,0,0,0,0,0,0,0,0,0,0,1,0,0,0,0,0,3,1,0,,5,0.00,0.00,0.80,0.20,0.00,0.00,0.00,1.00,,0,0,6,1,0,0,0,,2,0.00,0.00,0.00,0.00,0.00,0.00,0.50,0.00,0.50,0.00,0.00,1.00,,0,0,0,0,0,0,4,0,4,0,0
BS Health Sciences,43,0.14,0.05,0.79,0.00,0.02,0.00,0.00,1.00,,6,2,34,0,1,0,0,,5.00,0.60,0.20,0.00,0.00,0.00,0.00,0.20,0.00,0.00,0.00,0.00,0.00,0.00,0.00,0.00,0.00,0.00,0.00,0.00,0.00,0.00,0.00,0.00,0.00,0.00,1.00,,26,9,0,0,0,0,9,0,0,0,0,0,0,0,0,0,0,0,0,0,0,0,0,0,0,,4,0.25,0.00,0.00,0.00,0.00,0.25,0.00,0.00,0.25,0.00,0.00,0.00,0.00,0.00,0.00,0.00,0.00,0.00,0.00,0.00,0.00,0.00,0.00,0.00,0.25,0.00,0.00,0.00,0.00,0.00,0.00,0.00,0.00,0.00,0.00,0.00,0.00,0.00,0.00,0.00,0.00,0.00,0.00,0.00,0.00,0.00,0.00,0.00,0.00,0.00,0.00,0.00,0.00,0.00,0.00,0.00,0.00,0.00,0.00,0.00,1.00,,11,0,0,0,0,11,0,0,11,0,0,0,0,0,0,0,0,0,0,0,0,0,0,0,11,0,0,0,0,0,0,0,0,0,0,0,0,0,0,0,0,0,0,0,0,0,0,0,0,0,0,0,0,0,0,0,0,0,0,0,,6,0.17,0.33,0.50,1.00,,7,14,22,,4,0.00,0.25,0.00,0.00,0.00,0.25,0.00,0.00,0.00,0.00,0.00,0.00,0.00,0.00,0.00,0.00,0.00,0.00,0.00,0.25,0.00,0.00,0.00,0.00,0.00,0.25,0.00,0.00,1.00,,0,11,0,0,0,11,0,0,0,0,0,0,0,0,0,0,0,0,0,11,0,0,0,0,0,11,0,0,,4,0.00,0.00,0.50,0.25,0.25,0.00,0.00,1.00,,0,0,22,11,11,0,0,,32,0.00,0.00,0.00,0.00,0.00,0.00,0.00,0.00,1.00,0.00,0.00,1.00,,0,0,0,0,0,0,0,0,43,0,0
BS Life Sciences,16,0.19,0.00,0.81,0.00,0.00,0.00,0.00,1.00,,3,0,13,0,0,0,0,,3.00,0.00,1.00,0.00,0.00,0.00,0.00,0.00,0.00,0.00,0.00,0.00,0.00,0.00,0.00,0.00,0.00,0.00,0.00,0.00,0.00,0.00,0.00,0.00,0.00,0.00,1.00,,0,16,0,0,0,0,0,0,0,0,0,0,0,0,0,0,0,0,0,0,0,0,0,0,0,,3,1.00,0.00,0.00,0.00,0.00,0.00,0.00,0.00,0.00,0.00,0.00,0.00,0.00,0.00,0.00,0.00,0.00,0.00,0.00,0.00,0.00,0.00,0.00,0.00,0.00,0.00,0.00,0.00,0.00,0.00,0.00,0.00,0.00,0.00,0.00,0.00,0.00,0.00,0.00,0.00,0.00,0.00,0.00,0.00,0.00,0.00,0.00,0.00,0.00,0.00,0.00,0.00,0.00,0.00,0.00,0.00,0.00,0.00,0.00,0.00,1.00,,16,0,0,0,0,0,0,0,0,0,0,0,0,0,0,0,0,0,0,0,0,0,0,0,0,0,0,0,0,0,0,0,0,0,0,0,0,0,0,0,0,0,0,0,0,0,0,0,0,0,0,0,0,0,0,0,0,0,0,0,,3,0.00,1.00,0.00,1.00,,0,16,0,,3,0.00,1.00,0.00,0.00,0.00,0.00,0.00,0.00,0.00,0.00,0.00,0.00,0.00,0.00,0.00,0.00,0.00,0.00,0.00,0.00,0.00,0.00,0.00,0.00,0.00,0.00,0.00,0.00,1.00,,0,16,0,0,0,0,0,0,0,0,0,0,0,0,0,0,0,0,0,0,0,0,0,0,0,0,0,0,,3,0.00,0.00,1.00,0.00,0.00,0.00,0.00,1.00,,0,0,16,0,0,0,0,,13,0.08,0.00,0.00,0.00,0.00,0.00,0.23,0.00,0.69,0.00,0.00,1.00,,1,0,0,0,0,0,4,0,11,0,0
BS Mathematics,2,1.00,0.00,0.00,0.00,0.00,0.00,0.00,1.00,,2,0,0,0,0,0,0,,0.00,0.00,0.00,0.00,0.00,0.00,0.00,0.00,0.00,0.00,0.00,0.00,0.00,0.00,0.00,0.00,0.00,0.00,0.00,0.00,0.00,0.00,0.00,0.00,0.00,0.00,0.00,,0,0,0,0,0,0,0,0,0,0,0,0,0,0,0,0,0,0,0,0,0,0,0,0,0,,0,0.00,0.00,0.00,0.00,0.00,0.00,0.00,0.00,0.00,0.00,0.00,0.00,0.00,0.00,0.00,0.00,0.00,0.00,0.00,0.00,0.00,0.00,0.00,0.00,0.00,0.00,0.00,0.00,0.00,0.00,0.00,0.00,0.00,0.00,0.00,0.00,0.00,0.00,0.00,0.00,0.00,0.00,0.00,0.00,0.00,0.00,0.00,0.00,0.00,0.00,0.00,0.00,0.00,0.00,0.00,0.00,0.00,0.00,0.00,0.00,0.00,,0,0,0,0,0,0,0,0,0,0,0,0,0,0,0,0,0,0,0,0,0,0,0,0,0,0,0,0,0,0,0,0,0,0,0,0,0,0,0,0,0,0,0,0,0,0,0,0,0,0,0,0,0,0,0,0,0,0,0,0,,0,0.00,0.00,0.00,0.00,,0,0,0,,0,0.00,0.00,0.00,0.00,0.00,0.00,0.00,0.00,0.00,0.00,0.00,0.00,0.00,0.00,0.00,0.00,0.00,0.00,0.00,0.00,0.00,0.00,0.00,0.00,0.00,0.00,0.00,0.00,0.00,,0,0,0,0,0,0,0,0,0,0,0,0,0,0,0,0,0,0,0,0,0,0,0,0,0,0,0,0,,0,0.00,0.00,0.00,0.00,0.00,0.00,0.00,0.00,,0,0,0,0,0,0,0,,0,0.00,0.00,0.00,0.00,0.00,0.00,0.00,0.00,0.00,0.00,0.00,0.00,,0,0,0,0,0,0,0,0,0,0,0
BS Management Information Systems,39,0.87,0.03,0.05,0.00,0.03,0.00,0.03,1.00,,34,1,2,0,1,0,1,,21,0.10,0.33,0.10,0.14,0.05,0.10,0.14,0.05,0.00,0.00,0.00,0.00,0.00,0.00,0.00,0.00,0.00,0.00,0.00,0.00,0.00,0.00,0.00,0.00,0.00,1.00,,4,13,4,6,2,4,6,2,0,0,0,0,0,0,0,0,0,0,0,0,0,0,0,0,0,,28,0.04,0.00,0.00,0.00,0.00,0.00,0.00,0.07,0.07,0.00,0.00,0.00,0.68,0.00,0.00,0.00,0.00,0.00,0.00,0.00,0.00,0.00,0.07,0.00,0.00,0.00,0.00,0.00,0.00,0.00,0.00,0.00,0.00,0.04,0.00,0.00,0.00,0.04,0.00,0.00,0.00,0.00,0.00,0.00,0.00,0.00,0.00,0.00,0.00,0.00,0.00,0.00,0.00,0.00,0.00,0.00,0.00,0.00,0.00,0.00,1.00,,1,0,0,0,0,0,0,3,3,0,0,0,26,0,0,0,0,0,0,0,0,0,3,0,0,0,0,0,0,0,0,0,0,1,0,0,0,1,0,0,0,0,0,0,0,0,0,0,0,0,0,0,0,0,0,0,0,0,0,0,,28,0.75,0.11,0.14,1.00,,29,4,6,,28,0.04,0.00,0.00,0.00,0.00,0.04,0.00,0.00,0.04,0.07,0.00,0.00,0.00,0.00,0.00,0.00,0.75,0.00,0.00,0.04,0.00,0.00,0.00,0.00,0.00,0.00,0.04,0.00,1.00,,1,0,0,0,0,1,0,0,1,3,0,0,0,0,0,0,29,0,0,1,0,0,0,0,0,0,1,0,,28,0.00,0.00,0.21,0.57,0.14,0.07,0.00,1.00,,0,0,8,22,6,3,0,,3,0.67,0.00,0.00,0.00,0.00,0.00,0.33,0.00,0.00,0.00,0.00,1.00,,26,0,0,0,0,0,13,0,0,0,0
BS Physics with Materials and Science Engineering,1,1.00,0.00,0.00,0.00,0.00,0.00,0.00,1.00,,1,0,0,0,0,0,0,,0,0.00,0.00,0.00,0.00,0.00,0.00,0.00,0.00,0.00,0.00,0.00,0.00,0.00,0.00,0.00,0.00,0.00,0.00,0.00,0.00,0.00,0.00,0.00,0.00,0.00,0.00,,0,0,0,0,0,0,0,0,0,0,0,0,0,0,0,0,0,0,0,0,0,0,0,0,0,,1,0.00,0.00,0.00,0.00,0.00,0.00,0.00,0.00,0.00,0.00,0.00,0.00,0.00,0.00,0.00,0.00,0.00,0.00,0.00,0.00,0.00,0.00,1.00,0.00,0.00,0.00,0.00,0.00,0.00,0.00,0.00,0.00,0.00,0.00,0.00,0.00,0.00,0.00,0.00,0.00,0.00,0.00,0.00,0.00,0.00,0.00,0.00,0.00,0.00,0.00,0.00,0.00,0.00,0.00,0.00,0.00,0.00,0.00,0.00,0.00,1.00,,0,0,0,0,0,0,0,0,0,0,0,0,0,0,0,0,0,0,0,0,0,0,1,0,0,0,0,0,0,0,0,0,0,0,0,0,0,0,0,0,0,0,0,0,0,0,0,0,0,0,0,0,0,0,0,0,0,0,0,0,,1,0.00,1.00,0.00,1.00,,0,1,0,,1,0.00,0.00,0.00,0.00,0.00,0.00,0.00,0.00,0.00,0.00,0.00,0.00,0.00,0.00,0.00,0.00,0.00,0.00,0.00,0.00,0.00,0.00,0.00,0.00,0.00,0.00,1.00,0.00,1.00,,0,0,0,0,0,0,0,0,0,0,0,0,0,0,0,0,0,0,0,0,0,0,0,0,0,0,1,0,,1,0.00,0.00,0.00,0.00,1.00,0.00,0.00,1.00,,0,0,0,0,1,0,0,,0,0.00,0.00,0.00,0.00,0.00,0.00,0.00,0.00,0.00,0.00,0.00,0.00,,0,0,0,0,0,0,0,0,0,0,0
"BSM Applied Mathematics, Major in Mathematical Finance",61,0.87,0.05,0.05,0.00,0.03,0.00,0.00,1.00,,53,3,3,0,2,0,0,,34,0.06,0.24,0.26,0.21,0.03,0.09,0.09,0.00,0.00,0.00,0.00,0.00,0.03,0.00,0.00,0.00,0.00,0.00,0.00,0.00,0.00,0.00,0.00,0.00,0.00,1.00,,4,14,16,13,2,5,5,0,0,0,0,0,2,0,0,0,0,0,0,0,0,0,0,0,0,,38,0.03,0.00,0.03,0.03,0.00,0.00,0.03,0.16,0.00,0.00,0.00,0.00,0.00,0.00,0.00,0.00,0.00,0.00,0.00,0.00,0.05,0.00,0.03,0.00,0.05,0.00,0.00,0.03,0.00,0.00,0.00,0.00,0.00,0.00,0.00,0.03,0.00,0.29,0.00,0.16,0.00,0.00,0.00,0.00,0.00,0.00,0.00,0.00,0.03,0.00,0.00,0.00,0.00,0.00,0.08,0.00,0.00,0.00,0.00,0.00,1.00,,2,0,2,2,0,0,2,10,0,0,0,0,0,0,0,0,0,0,0,0,3,0,2,0,3,0,0,2,0,0,0,0,0,0,0,2,0,18,0,10,0,0,0,0,0,0,0,0,2,0,0,0,0,0,5,0,0,0,0,0,,38,0.32,0.39,0.29,1.00,,19,24,18,,38,0.00,0.03,0.00,0.00,0.05,0.42,0.00,0.00,0.00,0.16,0.00,0.03,0.00,0.00,0.03,0.00,0.00,0.00,0.00,0.26,0.00,0.00,0.00,0.00,0.00,0.00,0.03,0.00,1.00,,0,2,0,0,3,26,0,0,0,10,0,2,0,0,2,0,0,0,0,16,0,0,0,0,0,0,2,0,,38,0.00,0.00,0.50,0.37,0.11,0.00,0.03,1.00,,0,0,31,22,6,0,2,,3,0.00,0.00,0.00,0.00,0.33,0.00,0.67,0.00,0.00,0.00,0.00,1.00,,0,0,0,0,20,0,41,0,0,0,0
BS-MS Chemistry,3,0.00,0.00,1.00,0.00,0.00,0.00,0.00,1.00,,0,0,3,0,0,0,0,,0,0.00,0.00,0.00,0.00,0.00,0.00,0.00,0.00,0.00,0.00,0.00,0.00,0.00,0.00,0.00,0.00,0.00,0.00,0.00,0.00,0.00,0.00,0.00,0.00,0.00,0.00,,0,0,0,0,0,0,0,0,0,0,0,0,0,0,0,0,0,0,0,0,0,0,0,0,0,,0,0.00,0.00,0.00,0.00,0.00,0.00,0.00,0.00,0.00,0.00,0.00,0.00,0.00,0.00,0.00,0.00,0.00,0.00,0.00,0.00,0.00,0.00,0.00,0.00,0.00,0.00,0.00,0.00,0.00,0.00,0.00,0.00,0.00,0.00,0.00,0.00,0.00,0.00,0.00,0.00,0.00,0.00,0.00,0.00,0.00,0.00,0.00,0.00,0.00,0.00,0.00,0.00,0.00,0.00,0.00,0.00,0.00,0.00,0.00,0.00,0.00,,0,0,0,0,0,0,0,0,0,0,0,0,0,0,0,0,0,0,0,0,0,0,0,0,0,0,0,0,0,0,0,0,0,0,0,0,0,0,0,0,0,0,0,0,0,0,0,0,0,0,0,0,0,0,0,0,0,0,0,0,,0,0.00,0.00,0.00,0.00,,0,0,0,,0,0.00,0.00,0.00,0.00,0.00,0.00,0.00,0.00,0.00,0.00,0.00,0.00,0.00,0.00,0.00,0.00,0.00,0.00,0.00,0.00,0.00,0.00,0.00,0.00,0.00,0.00,0.00,0.00,0.00,,0,0,0,0,0,0,0,0,0,0,0,0,0,0,0,0,0,0,0,0,0,0,0,0,0,0,0,0,,0,0.00,0.00,0.00,0.00,0.00,0.00,0.00,0.00,,0,0,0,0,0,0,0,,3,0.00,0.00,0.00,0.00,0.00,0.00,1.00,0.00,0.00,0.00,0.00,1.00,,0,0,0,0,0,0,3,0,0,0,0
AB Chinese Studies,3,0.67,0.00,0.33,0.00,0.00,0.00,0.00,1.00,,2,0,1,0,0,0,0,,1,0.00,0.00,1.00,0.00,0.00,0.00,0.00,0.00,0.00,0.00,0.00,0.00,0.00,0.00,0.00,0.00,0.00,0.00,0.00,0.00,0.00,0.00,0.00,0.00,0.00,1.00,,0,0,3,0,0,0,0,0,0,0,0,0,0,0,0,0,0,0,0,0,0,0,0,0,0,,0,0.00,0.00,0.00,0.00,0.00,0.00,0.00,0.00,0.00,0.00,0.00,0.00,0.00,0.00,0.00,0.00,0.00,0.00,0.00,0.00,0.00,0.00,0.00,0.00,0.00,0.00,0.00,0.00,0.00,0.00,0.00,0.00,0.00,0.00,0.00,0.00,0.00,0.00,0.00,0.00,0.00,0.00,0.00,0.00,0.00,0.00,0.00,0.00,0.00,0.00,0.00,0.00,0.00,0.00,0.00,0.00,0.00,0.00,0.00,0.00,0.00,,0,0,0,0,0,0,0,0,0,0,0,0,0,0,0,0,0,0,0,0,0,0,0,0,0,0,0,0,0,0,0,0,0,0,0,0,0,0,0,0,0,0,0,0,0,0,0,0,0,0,0,0,0,0,0,0,0,0,0,0,,0,0.00,0.00,0.00,0.00,,0,0,0,,0,0.00,0.00,0.00,0.00,0.00,0.00,0.00,0.00,0.00,0.00,0.00,0.00,0.00,0.00,0.00,0.00,0.00,0.00,0.00,0.00,0.00,0.00,0.00,0.00,0.00,0.00,0.00,0.00,0.00,,0,0,0,0,0,0,0,0,0,0,0,0,0,0,0,0,0,0,0,0,0,0,0,0,0,0,0,0,,0,0.00,0.00,0.00,0.00,0.00,0.00,0.00,0.00,,0,0,0,0,0,0,0,,1,1.00,0.00,0.00,0.00,0.00,0.00,0.00,0.00,0.00,0.00,0.00,1.00,,3,0,0,0,0,0,0,0,0,0,0
AB Chinese Studies - Business Track,1,1.00,0.00,0.00,0.00,0.00,0.00,0.00,1.00,,1,0,0,0,0,0,0,,0,0.00,0.00,0.00,0.00,0.00,0.00,0.00,0.00,0.00,0.00,0.00,0.00,0.00,0.00,0.00,0.00,0.00,0.00,0.00,0.00,0.00,0.00,0.00,0.00,0.00,0.00,,0,0,0,0,0,0,0,0,0,0,0,0,0,0,0,0,0,0,0,0,0,0,0,0,0,,0,0.00,0.00,0.00,0.00,0.00,0.00,0.00,0.00,0.00,0.00,0.00,0.00,0.00,0.00,0.00,0.00,0.00,0.00,0.00,0.00,0.00,0.00,0.00,0.00,0.00,0.00,0.00,0.00,0.00,0.00,0.00,0.00,0.00,0.00,0.00,0.00,0.00,0.00,0.00,0.00,0.00,0.00,0.00,0.00,0.00,0.00,0.00,0.00,0.00,0.00,0.00,0.00,0.00,0.00,0.00,0.00,0.00,0.00,0.00,0.00,0.00,,0,0,0,0,0,0,0,0,0,0,0,0,0,0,0,0,0,0,0,0,0,0,0,0,0,0,0,0,0,0,0,0,0,0,0,0,0,0,0,0,0,0,0,0,0,0,0,0,0,0,0,0,0,0,0,0,0,0,0,0,,0,0.00,0.00,0.00,0.00,,0,0,0,,0,0.00,0.00,0.00,0.00,0.00,0.00,0.00,0.00,0.00,0.00,0.00,0.00,0.00,0.00,0.00,0.00,0.00,0.00,0.00,0.00,0.00,0.00,0.00,0.00,0.00,0.00,0.00,0.00,0.00,,0,0,0,0,0,0,0,0,0,0,0,0,0,0,0,0,0,0,0,0,0,0,0,0,0,0,0,0,,0,0.00,0.00,0.00,0.00,0.00,0.00,0.00,0.00,,0,0,0,0,0,0,0,,0,0.00,0.00,0.00,0.00,0.00,0.00,0.00,0.00,0.00,0.00,0.00,0.00,,0,0,0,0,0,0,0,0,0,0,0
AB Development Studies,8,0.63,0.00,0.25,0.00,0.00,0.00,0.13,1.00,,5,0,2,0,0,0,1,,2,0.00,0.00,0.50,0.00,0.00,0.00,0.00,0.00,0.00,0.50,0.00,0.00,0.00,0.00,0.00,0.00,0.00,0.00,0.00,0.00,0.00,0.00,0.00,0.00,0.00,1.00,,0,0,4,0,0,0,0,0,0,4,0,0,0,0,0,0,0,0,0,0,0,0,0,0,0,,2,0.00,0.00,0.50,0.00,0.00,0.00,0.00,0.00,0.00,0.00,0.00,0.00,0.00,0.00,0.00,0.00,0.00,0.00,0.00,0.00,0.00,0.00,0.00,0.00,0.50,0.00,0.00,0.00,0.00,0.00,0.00,0.00,0.00,0.00,0.00,0.00,0.00,0.00,0.00,0.00,0.00,0.00,0.00,0.00,0.00,0.00,0.00,0.00,0.00,0.00,0.00,0.00,0.00,0.00,0.00,0.00,0.00,0.00,0.00,0.00,1.00,,0,0,4,0,0,0,0,0,0,0,0,0,0,0,0,0,0,0,0,0,0,0,0,0,4,0,0,0,0,0,0,0,0,0,0,0,0,0,0,0,0,0,0,0,0,0,0,0,0,0,0,0,0,0,0,0,0,0,0,0,,2,0.00,0.50,0.50,1.00,,0,4,4,,2,0.00,0.00,0.00,0.00,0.00,0.00,0.00,0.00,0.00,0.00,0.00,0.00,0.00,0.00,0.00,0.00,0.00,0.00,0.00,0.50,0.00,0.00,0.00,0.00,0.00,0.50,0.00,0.00,1.00,,0,0,0,0,0,0,0,0,0,0,0,0,0,0,0,0,0,0,0,4,0,0,0,0,0,4,0,0,,2,0.00,0.00,0.50,0.50,0.00,0.00,0.00,1.00,,0,0,4,4,0,0,0,,2,0.00,0.00,0.00,0.00,0.50,0.00,0.50,0.00,0.00,0.00,0.00,1.00,,0,0,0,0,4,0,4,0,0,0,0
AB Economics,10,0.70,0.20,0.10,0.00,0.00,0.00,0.00,1.00,,7,2,1,0,0,0,0,,4,0.25,0.00,0.25,0.25,0.25,0.00,0.00,0.00,0.00,0.00,0.00,0.00,0.00,0.00,0.00,0.00,0.00,0.00,0.00,0.00,0.00,0.00,0.00,0.00,0.00,1.00,,3,0,3,3,3,0,0,0,0,0,0,0,0,0,0,0,0,0,0,0,0,0,0,0,0,,6,0.17,0.00,0.00,0.00,0.00,0.00,0.00,0.17,0.00,0.00,0.00,0.00,0.00,0.00,0.00,0.00,0.00,0.00,0.00,0.00,0.00,0.00,0.00,0.00,0.00,0.00,0.17,0.00,0.00,0.00,0.00,0.00,0.00,0.00,0.00,0.00,0.00,0.00,0.00,0.00,0.00,0.17,0.00,0.00,0.00,0.00,0.00,0.00,0.00,0.17,0.17,0.00,0.00,0.00,0.00,0.00,0.00,0.00,0.00,0.00,1.00,,2,0,0,0,0,0,0,2,0,0,0,0,0,0,0,0,0,0,0,0,0,0,0,0,0,0,2,0,0,0,0,0,0,0,0,0,0,0,0,0,0,2,0,0,0,0,0,0,0,2,2,0,0,0,0,0,0,0,0,0,,6,0.33,0.33,0.33,1.00,,3,3,3,,6,0.17,0.17,0.00,0.00,0.00,0.00,0.00,0.00,0.00,0.33,0.00,0.00,0.00,0.00,0.00,0.00,0.00,0.00,0.00,0.17,0.00,0.00,0.00,0.00,0.00,0.17,0.00,0.00,1.00,,2,2,0,0,0,0,0,0,0,3,0,0,0,0,0,0,0,0,0,2,0,0,0,0,0,2,0,0,,6,0.00,0.00,0.33,0.50,0.17,0.00,0.00,1.00,,0,0,3,5,2,0,0,,1,0.00,0.00,0.00,0.00,1.00,0.00,0.00,0.00,0.00,0.00,0.00,1.00,,0,0,0,0,10,0,0,0,0,0,0
AB Economics (Honors),3,1.00,0.00,0.00,0.00,0.00,0.00,0.00,1.00,,3,0,0,0,0,0,0,,2,0.00,0.00,0.50,0.50,0.00,0.00,0.00,0.00,0.00,0.00,0.00,0.00,0.00,0.00,0.00,0.00,0.00,0.00,0.00,0.00,0.00,0.00,0.00,0.00,0.00,1.00,,0,0,2,2,0,0,0,0,0,0,0,0,0,0,0,0,0,0,0,0,0,0,0,0,0,,2,0.00,0.00,0.00,0.00,0.00,0.00,0.00,0.50,0.00,0.00,0.00,0.00,0.00,0.00,0.00,0.00,0.00,0.00,0.00,0.00,0.00,0.00,0.00,0.00,0.00,0.00,0.00,0.00,0.00,0.00,0.00,0.00,0.00,0.00,0.00,0.00,0.00,0.00,0.00,0.00,0.00,0.00,0.00,0.00,0.00,0.50,0.00,0.00,0.00,0.00,0.00,0.00,0.00,0.00,0.00,0.00,0.00,0.00,0.00,0.00,1.00,,0,0,0,0,0,0,0,2,0,0,0,0,0,0,0,0,0,0,0,0,0,0,0,0,0,0,0,0,0,0,0,0,0,0,0,0,0,0,0,0,0,0,0,0,0,2,0,0,0,0,0,0,0,0,0,0,0,0,0,0,,2,1.00,0.00,0.00,1.00,,3,0,0,,2,0.00,0.00,0.00,0.00,0.00,0.00,0.00,0.00,0.00,1.00,0.00,0.00,0.00,0.00,0.00,0.00,0.00,0.00,0.00,0.00,0.00,0.00,0.00,0.00,0.00,0.00,0.00,0.00,1.00,,0,0,0,0,0,0,0,0,0,3,0,0,0,0,0,0,0,0,0,0,0,0,0,0,0,0,0,0,,2,0.00,0.00,0.00,0.00,0.50,0.50,0.00,1.00,,0,0,0,0,2,2,0,,0,0.00,0.00,0.00,0.00,0.00,0.00,0.00,0.00,0.00,0.00,0.00,0.00,,0,0,0,0,0,0,0,0,0,0,0
AB European Studies,15,0.73,0.20,0.07,0.00,0.00,0.00,0.00,1.00,,11,3,1,0,0,0,0,,10,0.10,0.10,0.30,0.20,0.20,0.10,0.00,0.00,0.00,0.00,0.00,0.00,0.00,0.00,0.00,0.00,0.00,0.00,0.00,0.00,0.00,0.00,0.00,0.00,0.00,1.00,,2,2,5,3,3,2,0,0,0,0,0,0,0,0,0,0,0,0,0,0,0,0,0,0,0,,12,0.17,0.00,0.00,0.00,0.00,0.00,0.00,0.08,0.00,0.08,0.00,0.00,0.00,0.00,0.00,0.00,0.00,0.00,0.00,0.00,0.00,0.00,0.00,0.00,0.17,0.00,0.08,0.00,0.00,0.08,0.00,0.00,0.00,0.00,0.00,0.00,0.00,0.08,0.00,0.00,0.00,0.00,0.00,0.00,0.00,0.00,0.00,0.00,0.00,0.00,0.00,0.00,0.00,0.00,0.25,0.00,0.00,0.00,0.00,0.00,1.00,,2,0,0,0,0,0,0,1,0,1,0,0,0,0,0,0,0,0,0,0,0,0,0,0,3,0,1,0,0,1,0,0,0,0,0,0,0,1,0,0,0,0,0,0,0,0,0,0,0,0,0,0,0,0,4,0,0,0,0,0,,12,0.42,0.25,0.33,1.00,,6,4,5,,12,0.00,0.00,0.17,0.00,0.00,0.17,0.00,0.00,0.00,0.08,0.00,0.00,0.00,0.00,0.00,0.00,0.00,0.00,0.00,0.08,0.00,0.00,0.00,0.00,0.00,0.33,0.17,0.00,1.00,,0,0,3,0,0,3,0,0,0,1,0,0,0,0,0,0,0,0,0,1,0,0,0,0,0,5,3,0,,12,0.00,0.00,0.50,0.25,0.17,0.08,0.00,1.00,,0,0,8,4,3,1,0,,1,0.00,0.00,0.00,0.00,1.00,0.00,0.00,0.00,0.00,0.00,0.00,1.00,,0,0,0,0,15,0,0,0,0,0,0
AB Management Economics,17,0.94,0.06,0.00,0.00,0.00,0.00,0.00,1.00,,16,1,0,0,0,0,0,,9,0.00,0.33,0.22,0.22,0.00,0.00,0.11,0.11,0.00,0.00,0.00,0.00,0.00,0.00,0.00,0.00,0.00,0.00,0.00,0.00,0.00,0.00,0.00,0.00,0.00,1.00,,0,6,4,4,0,0,2,2,0,0,0,0,0,0,0,0,0,0,0,0,0,0,0,0,0,,11,0.18,0.00,0.00,0.00,0.00,0.00,0.00,0.55,0.00,0.09,0.00,0.00,0.00,0.00,0.00,0.00,0.00,0.00,0.00,0.00,0.00,0.00,0.09,0.00,0.00,0.00,0.00,0.00,0.00,0.00,0.00,0.00,0.00,0.09,0.00,0.00,0.00,0.00,0.00,0.00,0.00,0.00,0.00,0.00,0.00,0.00,0.00,0.00,0.00,0.00,0.00,0.00,0.00,0.00,0.00,0.00,0.00,0.00,0.00,0.00,1.00,,3,0,0,0,0,0,0,9,0,2,0,0,0,0,0,0,0,0,0,0,0,0,2,0,0,0,0,0,0,0,0,0,0,2,0,0,0,0,0,0,0,0,0,0,0,0,0,0,0,0,0,0,0,0,0,0,0,0,0,0,,11,0.64,0.27,0.09,1.00,,11,5,2,,11,0.09,0.09,0.00,0.00,0.00,0.00,0.00,0.00,0.00,0.45,0.00,0.00,0.00,0.00,0.00,0.00,0.00,0.00,0.00,0.27,0.00,0.00,0.00,0.00,0.00,0.09,0.00,0.00,1.00,,2,2,0,0,0,0,0,0,0,8,0,0,0,0,0,0,0,0,0,5,0,0,0,0,0,2,0,0,,11,0.00,0.00,0.45,0.27,0.18,0.09,0.00,1.00,,0,0,8,5,3,2,0,,0,0.00,0.00,0.00,0.00,0.00,0.00,0.00,0.00,0.00,0.00,0.00,0.00,,0,0,0,0,0,0,0,0,0,0,0
AB History,5,0.20,0.20,0.00,0.00,0.40,0.20,0.00,1.00,,1,1,0,0,2,1,0,,4,0.25,0.25,0.00,0.00,0.00,0.00,0.50,0.00,0.00,0.00,0.00,0.00,0.00,0.00,0.00,0.00,0.00,0.00,0.00,0.00,0.00,0.00,0.00,0.00,0.00,1.00,,1,1,0,0,0,0,3,0,0,0,0,0,0,0,0,0,0,0,0,0,0,0,0,0,0,,2,0.50,0.00,0.00,0.00,0.00,0.00,0.00,0.00,0.00,0.00,0.00,0.00,0.00,0.00,0.00,0.00,0.00,0.50,0.00,0.00,0.00,0.00,0.00,0.00,0.00,0.00,0.00,0.00,0.00,0.00,0.00,0.00,0.00,0.00,0.00,0.00,0.00,0.00,0.00,0.00,0.00,0.00,0.00,0.00,0.00,0.00,0.00,0.00,0.00,0.00,0.00,0.00,0.00,0.00,0.00,0.00,0.00,0.00,0.00,0.00,1.00,,3,0,0,0,0,0,0,0,0,0,0,0,0,0,0,0,0,3,0,0,0,0,0,0,0,0,0,0,0,0,0,0,0,0,0,0,0,0,0,0,0,0,0,0,0,0,0,0,0,0,0,0,0,0,0,0,0,0,0,0,,2,0.00,1.00,0.00,1.00,,0,5,0,,2,0.00,0.50,0.00,0.00,0.00,0.00,0.00,0.00,0.00,0.00,0.00,0.00,0.00,0.00,0.50,0.00,0.00,0.00,0.00,0.00,0.00,0.00,0.00,0.00,0.00,0.00,0.00,0.00,1.00,,0,3,0,0,0,0,0,0,0,0,0,0,0,0,3,0,0,0,0,0,0,0,0,0,0,0,0,0,,2,0.00,0.00,1.00,0.00,0.00,0.00,0.00,1.00,,0,0,5,0,0,0,0,,0,0.00,0.00,0.00,0.00,0.00,0.00,0.00,0.00,0.00,0.00,0.00,0.00,,0,0,0,0,0,0,0,0,0,0,0
AB Political Science,11,0.45,0.09,0.27,0.00,0.18,0.00,0.00,1.00,,5,1,3,0,2,0,0,,3,0.00,0.67,0.00,0.33,0.00,0.00,0.00,0.00,0.00,0.00,0.00,0.00,0.00,0.00,0.00,0.00,0.00,0.00,0.00,0.00,0.00,0.00,0.00,0.00,0.00,1.00,,0,7,0,4,0,0,0,0,0,0,0,0,0,0,0,0,0,0,0,0,0,0,0,0,0,,1,0.00,0.00,0.00,0.00,0.00,0.00,0.00,0.00,0.00,0.00,0.00,0.00,0.00,0.00,0.00,0.00,0.00,0.00,0.00,0.00,0.00,0.00,0.00,0.00,0.00,0.00,0.00,0.00,0.00,0.00,0.00,0.00,0.00,0.00,0.00,0.00,0.00,1.00,0.00,0.00,0.00,0.00,0.00,0.00,0.00,0.00,0.00,0.00,0.00,0.00,0.00,0.00,0.00,0.00,0.00,0.00,0.00,0.00,0.00,0.00,1.00,,0,0,0,0,0,0,0,0,0,0,0,0,0,0,0,0,0,0,0,0,0,0,0,0,0,0,0,0,0,0,0,0,0,0,0,0,0,11,0,0,0,0,0,0,0,0,0,0,0,0,0,0,0,0,0,0,0,0,0,0,,1,1.00,0.00,0.00,1.00,,11,0,0,,1,0.00,0.00,0.00,0.00,0.00,0.00,0.00,0.00,0.00,0.00,0.00,1.00,0.00,0.00,0.00,0.00,0.00,0.00,0.00,0.00,0.00,0.00,0.00,0.00,0.00,0.00,0.00,0.00,1.00,,0,0,0,0,0,0,0,0,0,0,0,11,0,0,0,0,0,0,0,0,0,0,0,0,0,0,0,0,,1,0.00,0.00,1.00,0.00,0.00,0.00,0.00,1.00,,0,0,11,0,0,0,0,,3,0.67,0.00,0.00,0.00,0.00,0.00,0.33,0.00,0.00,0.00,0.00,1.00,,7,0,0,0,0,0,4,0,0,0,0
AB Psychology,35,0.74,0.11,0.14,0.00,0.00,0.00,0.00,1.00,,26,4,5,0,0,0,0,,20,0.05,0.20,0.35,0.15,0.05,0.05,0.00,0.05,0.00,0.00,0.05,0.00,0.00,0.05,0.00,0.00,0.00,0.00,0.00,0.00,0.00,0.00,0.00,0.00,0.00,1.00,,2,7,12,5,2,2,0,2,0,0,2,0,0,2,0,0,0,0,0,0,0,0,0,0,0,,24,0.33,0.00,0.00,0.00,0.00,0.00,0.00,0.08,0.04,0.04,0.00,0.00,0.04,0.00,0.00,0.00,0.00,0.08,0.00,0.00,0.00,0.00,0.04,0.00,0.00,0.00,0.00,0.00,0.00,0.00,0.00,0.00,0.00,0.00,0.04,0.00,0.00,0.00,0.00,0.00,0.00,0.00,0.00,0.00,0.00,0.00,0.00,0.00,0.00,0.08,0.00,0.00,0.00,0.04,0.13,0.00,0.00,0.04,0.00,0.00,1.00,,12,0,0,0,0,0,0,3,1,1,0,0,1,0,0,0,0,3,0,0,0,0,1,0,0,0,0,0,0,0,0,0,0,0,1,0,0,0,0,0,0,0,0,0,0,0,0,0,0,3,0,0,0,1,4,0,0,1,0,0,,25,0.32,0.40,0.28,1.00,,11,14,10,,24,0.00,0.21,0.08,0.00,0.00,0.00,0.00,0.04,0.00,0.00,0.00,0.00,0.00,0.00,0.42,0.00,0.00,0.00,0.00,0.17,0.00,0.00,0.00,0.00,0.00,0.04,0.04,0.00,1.00,,0,7,3,0,0,0,0,1,0,0,0,0,0,0,15,0,0,0,0,6,0,0,0,0,0,1,1,0,,24,0.00,0.00,0.67,0.33,0.00,0.00,0.00,1.00,,0,0,23,12,0,0,0,,4,0.50,0.00,0.00,0.00,0.25,0.00,0.25,0.00,0.00,0.00,0.00,1.00,,18,0,0,0,9,0,9,0,0,0,0
BS Psychology,27,0.44,0.04,0.48,0.00,0.00,0.04,0.00,1.00,,12,1,13,0,0,1,0,,10,0.30,0.10,0.00,0.10,0.10,0.10,0.20,0.00,0.00,0.00,0.10,0.00,0.00,0.00,0.00,0.00,0.00,0.00,0.00,0.00,0.00,0.00,0.00,0.00,0.00,1.00,,8,3,0,3,3,3,5,0,0,0,3,0,0,0,0,0,0,0,0,0,0,0,0,0,0,,10,0.20,0.00,0.00,0.00,0.00,0.00,0.00,0.00,0.10,0.00,0.00,0.00,0.10,0.10,0.00,0.10,0.10,0.00,0.00,0.00,0.00,0.00,0.00,0.00,0.00,0.00,0.00,0.00,0.00,0.00,0.00,0.00,0.00,0.00,0.00,0.00,0.00,0.00,0.00,0.00,0.00,0.10,0.00,0.00,0.00,0.10,0.00,0.00,0.00,0.00,0.00,0.00,0.00,0.00,0.00,0.00,0.00,0.10,0.00,0.00,1.00,,5,0,0,0,0,0,0,0,3,0,0,0,3,3,0,3,3,0,0,0,0,0,0,0,0,0,0,0,0,0,0,0,0,0,0,0,0,0,0,0,0,3,0,0,0,3,0,0,0,0,0,0,0,0,0,0,0,3,0,0,,10,0.60,0.10,0.30,1.00,,16,3,8,,10,0.10,0.10,0.00,0.00,0.00,0.10,0.00,0.00,0.10,0.00,0.00,0.00,0.00,0.10,0.40,0.00,0.00,0.00,0.00,0.10,0.00,0.00,0.00,0.00,0.00,0.00,0.00,0.00,1.00,,3,3,0,0,0,3,0,0,3,0,0,0,0,3,11,0,0,0,0,3,0,0,0,0,0,0,0,0,,10,0.00,0.00,0.80,0.00,0.00,0.20,0.00,1.00,,0,0,22,0,0,5,0,,12,0.17,0.00,0.00,0.00,0.00,0.00,0.08,0.00,0.75,0.00,0.00,1.00,,5,0,0,0,0,0,2,0,20,0,0
AB Social Sciences,6,0.67,0.00,0.33,0.00,0.00,0.00,0.00,1.00,,4,0,2,0,0,0,0,,2,1.00,0.00,0.00,0.00,0.00,0.00,0.00,0.00,0.00,0.00,0.00,0.00,0.00,0.00,0.00,0.00,0.00,0.00,0.00,0.00,0.00,0.00,0.00,0.00,0.00,1.00,,6,0,0,0,0,0,0,0,0,0,0,0,0,0,0,0,0,0,0,0,0,0,0,0,0,,4,0.00,0.00,0.00,0.00,0.00,0.00,0.00,0.00,0.00,0.00,0.00,0.00,0.00,0.00,0.00,0.00,0.00,0.00,0.00,0.00,0.00,0.00,0.00,0.00,0.25,0.00,0.00,0.25,0.00,0.00,0.00,0.00,0.00,0.00,0.00,0.00,0.00,0.00,0.00,0.00,0.00,0.00,0.00,0.00,0.00,0.00,0.00,0.00,0.00,0.00,0.25,0.00,0.00,0.00,0.00,0.25,0.00,0.00,0.00,0.00,1.00,,0,0,0,0,0,0,0,0,0,0,0,0,0,0,0,0,0,0,0,0,0,0,0,0,2,0,0,2,0,0,0,0,0,0,0,0,0,0,0,0,0,0,0,0,0,0,0,0,0,0,2,0,0,0,0,2,0,0,0,0,,4,0.25,0.75,0.00,1.00,,2,5,0,,4,0.00,0.00,0.00,0.00,0.00,0.00,0.00,0.00,0.00,0.00,0.00,0.00,0.00,0.00,0.25,0.00,0.00,0.00,0.00,0.25,0.00,0.00,0.00,0.00,0.00,0.50,0.00,0.00,1.00,,0,0,0,0,0,0,0,0,0,0,0,0,0,0,2,0,0,0,0,2,0,0,0,0,0,3,0,0,,4,0.00,0.00,0.25,0.75,0.00,0.00,0.00,1.00,,0,0,2,5,0,0,0,,2,0.00,0.00,0.00,0.00,0.50,0.00,0.50,0.00,0.00,0.00,0.00,1.00,,0,0,0,0,3,0,3,0,0,0,0
AB-MA Political Science,4,0.25,0.25,0.50,0.00,0.00,0.00,0.00,1.00,,1,1,2,0,0,0,0,,2,0.00,0.00,0.50,0.00,0.00,0.00,0.00,0.00,0.00,0.00,0.00,0.00,0.50,0.00,0.00,0.00,0.00,0.00,0.00,0.00,0.00,0.00,0.00,0.00,0.00,1.00,,0,0,2,0,0,0,0,0,0,0,0,0,2,0,0,0,0,0,0,0,0,0,0,0,0,,1,0.00,0.00,0.00,0.00,0.00,0.00,0.00,0.00,0.00,0.00,0.00,0.00,0.00,0.00,0.00,0.00,0.00,0.00,0.00,0.00,0.00,0.00,0.00,0.00,1.00,0.00,0.00,0.00,0.00,0.00,0.00,0.00,0.00,0.00,0.00,0.00,0.00,0.00,0.00,0.00,0.00,0.00,0.00,0.00,0.00,0.00,0.00,0.00,0.00,0.00,0.00,0.00,0.00,0.00,0.00,0.00,0.00,0.00,0.00,0.00,1.00,,0,0,0,0,0,0,0,0,0,0,0,0,0,0,0,0,0,0,0,0,0,0,0,0,4,0,0,0,0,0,0,0,0,0,0,0,0,0,0,0,0,0,0,0,0,0,0,0,0,0,0,0,0,0,0,0,0,0,0,0,,1,0.00,0.00,1.00,1.00,,0,0,4,,1,0.00,0.00,0.00,0.00,0.00,0.00,0.00,0.00,0.00,0.00,0.00,0.00,0.00,0.00,0.00,0.00,0.00,0.00,0.00,0.00,0.00,0.00,0.00,0.00,0.00,1.00,0.00,0.00,1.00,,0,0,0,0,0,0,0,0,0,0,0,0,0,0,0,0,0,0,0,0,0,0,0,0,0,4,0,0,,1,0.00,0.00,1.00,0.00,0.00,0.00,0.00,1.00,,0,0,4,0,0,0,0,,2,0.00,0.00,0.00,0.00,0.00,0.00,1.00,0.00,0.00,0.00,0.00,1.00,,0,0,0,0,0,0,4,0,0,0,0
AB Political Science - Masters in Public Management,4,0.25,0.00,0.75,0.00,0.00,0.00,0.00,1.00,,1,0,3,0,0,0,0,,1,0.00,1.00,0.00,0.00,0.00,0.00,0.00,0.00,0.00,0.00,0.00,0.00,0.00,0.00,0.00,0.00,0.00,0.00,0.00,0.00,0.00,0.00,0.00,0.00,0.00,1.00,,0,4,0,0,0,0,0,0,0,0,0,0,0,0,0,0,0,0,0,0,0,0,0,0,0,,1,0.00,0.00,0.00,0.00,0.00,0.00,0.00,0.00,0.00,0.00,0.00,0.00,0.00,0.00,0.00,0.00,0.00,0.00,0.00,0.00,0.00,0.00,1.00,0.00,0.00,0.00,0.00,0.00,0.00,0.00,0.00,0.00,0.00,0.00,0.00,0.00,0.00,0.00,0.00,0.00,0.00,0.00,0.00,0.00,0.00,0.00,0.00,0.00,0.00,0.00,0.00,0.00,0.00,0.00,0.00,0.00,0.00,0.00,0.00,0.00,1.00,,0,0,0,0,0,0,0,0,0,0,0,0,0,0,0,0,0,0,0,0,0,0,4,0,0,0,0,0,0,0,0,0,0,0,0,0,0,0,0,0,0,0,0,0,0,0,0,0,0,0,0,0,0,0,0,0,0,0,0,0,,1,1.00,0.00,0.00,1.00,,4,0,0,,1,0.00,0.00,0.00,0.00,0.00,0.00,0.00,0.00,0.00,0.00,0.00,0.00,0.00,0.00,0.00,0.00,0.00,0.00,0.00,1.00,0.00,0.00,0.00,0.00,0.00,0.00,0.00,0.00,1.00,,0,0,0,0,0,0,0,0,0,0,0,0,0,0,0,0,0,0,0,4,0,0,0,0,0,0,0,0,,1,0.00,0.00,0.00,1.00,0.00,0.00,0.00,1.00,,0,0,0,4,0,0,0,,3,0.00,0.00,0.00,0.00,0.67,0.00,0.33,0.00,0.00,0.00,0.00,1.00,,0,0,0,0,3,0,1,0,0,0,0
Unspecified Courses,30,0.63,0.00,0.17,0.00,0.17,0.03,0.00,1.00,,19,0,5,0,5,1,0,,11,0.18,0.27,0.00,0.27,0.00,0.00,0.18,0.00,0.00,0.00,0.09,0.00,0.00,0.00,0.00,0.00,0.00,0.00,0.00,0.00,0.00,0.00,0.00,0.00,0.00,1.00,,5,8,0,8,0,0,5,0,0,0,3,0,0,0,0,0,0,0,0,0,0,0,0,0,0,,15,0.00,0.00,0.00,0.00,0.00,0.00,0.00,0.00,0.00,0.00,0.00,0.00,0.33,0.00,0.00,0.00,0.00,0.13,0.00,0.00,0.00,0.00,0.13,0.00,0.00,0.00,0.00,0.00,0.00,0.00,0.00,0.00,0.00,0.00,0.00,0.00,0.00,0.13,0.00,0.07,0.00,0.00,0.00,0.00,0.00,0.00,0.00,0.00,0.00,0.07,0.00,0.00,0.00,0.00,0.00,0.07,0.07,0.00,0.00,0.00,1.00,,0,0,0,0,0,0,0,0,0,0,0,0,10,0,0,0,0,4,0,0,0,0,4,0,0,0,0,0,0,0,0,0,0,0,0,0,0,4,0,2,0,0,0,0,0,0,0,0,0,2,0,0,0,0,0,2,2,0,0,0,,15,0.53,0.27,0.20,1.00,,16,8,6,,15,0.00,0.00,0.00,0.00,0.00,0.13,0.00,0.00,0.00,0.00,0.00,0.00,0.00,0.00,0.07,0.00,0.33,0.00,0.00,0.27,0.00,0.00,0.00,0.00,0.00,0.07,0.13,0.00,1.00,,0,0,0,0,0,4,0,0,0,0,0,0,0,0,2,0,10,0,0,8,0,0,0,0,0,2,4,0,,15,0.00,0.00,0.27,0.47,0.13,0.07,0.07,1.00,,0,0,8,14,4,2,2,,5,0.20,0.00,0.00,0.00,0.00,0.00,0.20,0.00,0.60,0.00,0.00,1.00,,6,0,0,0,0,0,6,0,18,0,0
All Courses,723,0.68,0.05,0.21,0.00,0.04,0.01,0.00,1.00,,495,39,150,0,32,4,3,,336,0.11,0.27,0.21,0.15,0.07,0.04,0.07,0.02,0.01,0.01,0.01,0.00,0.01,0.01,0.00,0.00,0.00,0.00,0.00,0.00,0.00,0.00,0.00,0.00,0.00,1.00,,77,198,155,110,47,32,50,13,6,6,11,2,9,4,0,0,0,2,0,0,0,0,0,0,0,,383,0.09,0.00,0.02,0.01,0.00,0.01,0.01,0.14,0.02,0.01,0.00,0.00,0.16,0.02,0.00,0.01,0.01,0.04,0.00,0.00,0.02,0.00,0.06,0.00,0.04,0.00,0.01,0.01,0.01,0.01,0.00,0.00,0.00,0.02,0.01,0.00,0.01,0.08,0.00,0.03,0.00,0.01,0.00,0.00,0.00,0.01,0.00,0.00,0.01,0.03,0.02,0.00,0.00,0.02,0.05,0.01,0.01,0.02,0.00,0.00,1.00,,62,0,11,4,0,4,4,98,15,8,0,2,115,11,0,4,4,28,0,0,11,0,42,2,30,0,4,6,8,6,0,0,0,15,8,2,9,57,0,23,0,9,0,0,0,6,2,0,4,23,13,0,0,17,38,4,4,13,0,0,,396,0.40,0.31,0.29,1.00,,290,223,210,,383,0.02,0.05,0.02,0.00,0.01,0.11,0.00,0.00,0.02,0.14,0.00,0.02,0.00,0.00,0.06,0.00,0.14,0.00,0.00,0.25,0.00,0.00,0.00,0.00,0.00,0.07,0.06,0.00,1.00,,15,40,15,0,6,83,0,2,17,100,2,15,0,2,43,0,102,0,0,183,2,0,2,0,0,49,45,0,,384,0.00,0.00,0.35,0.41,0.15,0.06,0.03,1.00,,0,0,256,299,105,43,19,,144,0.14,0.01,0.00,0.00,0.19,0.02,0.22,0.00,0.42,0.00,0.00,1.00,,100,10,0,0,136,15,161,0,301,0,0
